date,dd,TDC,内部损伤,波动中枢,趋势结构,red,void
2019-03-18,-0.038,62.022,48.611,50.551,86.905,0,0
2019-03-19,-0.035,62.142,50.107,50.578,85.743,0,0
2019-03-20,-0.031,66.286,61.954,50.935,85.968,0,0
2019-03-21,-0.016,65.352,58.293,53.542,84.221,0,0
2019-03-22,-0.038,75.928,67.038,70.785,89.961,0,0
2019-03-25,-0.039,72.003,54.716,70.724,90.57,0,0
2019-03-26,-0.035,74.727,65.238,71.1,87.843,0,0
2019-03-27,-0.041,76.173,66.429,71.092,90.998,0,0
2019-03-28,-0.039,73.873,61.472,71.085,89.062,0,0
2019-03-29,-0.032,68.501,50.606,71.078,83.821,0,0
2019-04-01,-0.019,64.982,44.453,71.505,78.988,0,0
2019-04-02,-0.015,69.848,59.265,71.443,78.835,0,0
2019-04-03,-0.009,64.3,44.078,71.111,77.713,0,0
2019-04-04,-0.01,60.403,43.302,70.401,67.505,0,0
2019-04-05,-0.005,53.62,41.902,69.345,49.614,0,0
2019-04-08,-0.002,55.222,41.601,67.994,56.069,0,0
2019-04-09,-0.006,56.102,43.438,68.906,55.962,0,0
2019-04-10,-0.0,60.271,42.72,68.419,69.674,0,0
2019-04-11,-0.003,63.262,51.116,68.363,70.307,0,0
2019-04-12,0.0,56.459,49.559,66.09,53.728,0,0
2019-04-15,0.0,54.042,42.081,66.038,54.008,0,0
2019-04-16,0.0,58.871,59.251,65.932,51.429,0,0
2019-04-17,0.0,58.419,59.727,65.721,49.81,0,0
2019-04-18,0.0,41.586,42.117,64.233,18.406,0,0
2019-04-22,0.0,41.746,51.646,37.798,35.795,0,0
2019-04-23,0.0,30.28,39.702,40.175,10.964,0,0
2019-04-24,-0.003,32.288,48.897,39.477,8.491,0,0
2019-04-25,0.0,37.872,54.711,37.248,21.657,0,0
2019-04-26,0.0,38.295,50.23,37.4,27.256,0,0
2019-04-29,0.0,37.912,40.863,36.288,36.585,0,0
2019-04-30,-0.008,33.782,40.214,31.919,29.213,0,0
2019-05-01,-0.011,43.456,51.985,35.019,43.364,0,0
2019-05-02,-0.015,46.216,52.337,35.75,50.56,0,0
2019-05-03,0.0,48.631,49.366,39.357,57.169,0,0
2019-05-06,-0.006,47.054,42.249,40.549,58.364,0,0
2019-05-07,-0.025,62.496,60.926,62.74,63.822,0,0
2019-05-08,-0.028,57.531,57.727,62.642,52.222,0,0
2019-05-09,-0.033,59.366,63.111,62.492,52.495,0,0
2019-05-10,-0.032,53.647,54.507,62.707,43.727,0,0
2019-05-13,-0.066,73.578,76.018,74.367,70.35,0,0
2019-05-14,-0.055,67.557,63.454,74.511,64.706,0,0
2019-05-15,-0.042,62.438,62.907,74.499,49.908,0,0
2019-05-16,-0.032,53.106,62.487,74.487,22.344,0,0
2019-05-17,-0.042,59.407,71.914,74.68,31.627,0,0
2019-05-20,-0.058,59.515,72.255,74.719,31.569,0,0
2019-05-21,-0.049,57.973,58.097,76.297,39.526,0,0
2019-05-22,-0.053,62.768,66.567,76.282,45.455,0,0
2019-05-23,-0.067,75.455,76.155,78.159,72.051,0,0
2019-05-24,-0.068,73.783,74.504,78.728,68.116,0,0
2019-05-28,-0.071,77.921,78.95,78.863,75.949,1,0
2019-05-29,-0.079,79.188,79.377,78.946,79.242,0,0
2019-05-30,-0.075,75.443,79.654,78.928,67.748,0,0
2019-05-31,-0.09,79.189,81.755,80.812,75.0,0,0
2019-06-03,-0.11,72.22,72.944,83.93,59.785,0,0
2019-06-04,-0.085,61.657,53.687,84.867,46.416,0,0
2019-06-05,-0.078,61.99,64.359,82.97,38.64,0,0
2019-06-06,-0.071,60.257,60.147,82.946,37.679,0,0
2019-06-07,-0.053,53.185,50.024,82.972,26.56,0,0
2019-06-10,-0.042,45.959,47.507,82.897,7.473,0,0
2019-06-11,-0.04,46.083,56.003,79.582,2.664,0,0
2019-06-12,-0.046,48.825,64.327,79.312,2.837,0,0
2019-06-13,-0.04,42.252,47.032,79.192,0.531,0,0
2019-06-14,-0.044,42.986,49.708,79.074,0.177,0,0
2019-06-17,-0.039,45.421,57.132,78.955,0.176,0,0
2019-06-18,-0.025,40.947,43.677,78.987,0.176,0,0
2019-06-19,-0.021,44.465,55.418,77.451,0.527,0,0
2019-06-20,-0.012,39.804,41.353,77.534,0.526,0,0
2019-06-21,-0.013,40.984,50.241,72.011,0.701,0,0
2019-06-24,-0.013,41.251,50.65,72.053,1.049,0,0
2019-06-25,-0.03,43.977,58.49,72.045,1.396,0,0
2019-06-26,-0.026,43.026,57.012,71.542,0.523,0,0
2019-06-27,-0.022,41.024,49.4,71.585,2.087,0,0
2019-06-28,-0.021,32.601,37.955,57.419,2.431,0,0
2019-07-01,-0.007,31.962,36.394,56.891,2.6,0,0
2019-07-02,-0.004,29.518,36.891,48.722,2.941,0,0
2019-07-03,0.0,27.92,35.241,46.273,2.245,0,0
2019-07-05,-0.002,28.408,36.238,46.401,2.586,0,0
2019-07-08,-0.009,28.779,37.47,46.284,2.582,0,0
2019-07-09,-0.004,29.295,37.298,46.118,4.467,0,0
2019-07-10,0.0,35.696,46.112,46.197,14.78,0,0
2019-07-11,-0.001,35.149,45.123,45.691,14.632,0,0
2019-07-12,0.0,31.181,34.35,45.066,14.128,0,0
2019-07-15,0.0,34.113,44.736,44.563,13.041,0,0
2019-07-16,-0.005,31.507,34.677,45.905,13.939,0,0
2019-07-17,-0.01,36.759,49.741,45.45,15.086,0,0
2019-07-18,-0.009,36.909,50.47,45.626,14.629,0,0
2019-07-19,-0.016,37.642,53.286,44.256,15.384,0,0
2019-07-22,-0.008,37.366,53.493,44.24,14.365,0,0
2019-07-23,-0.002,34.275,43.516,45.669,13.641,0,0
2019-07-24,0.0,28.216,31.65,40.482,12.517,0,0
2019-07-25,-0.009,32.95,42.6,42.105,14.146,0,0
2019-07-26,0.0,32.857,43.31,42.476,12.785,0,0
2019-07-29,-0.003,35.668,50.116,42.463,14.426,0,0
2019-07-30,-0.008,32.828,42.771,40.776,14.936,0,0
2019-07-31,-0.021,41.507,49.791,57.916,16.815,0,0
2019-08-01,-0.026,46.664,57.0,58.071,24.921,0,0
2019-08-02,-0.041,52.129,65.301,59.607,31.478,0,0
2019-08-05,-0.075,67.473,77.947,72.069,52.403,0,0
2019-08-06,-0.062,64.565,74.054,72.773,46.868,0,0
2019-08-07,-0.057,64.563,75.081,72.623,45.985,0,0
2019-08-08,-0.036,55.09,55.893,73.656,35.722,0,0
2019-08-09,-0.045,62.48,72.782,73.599,41.059,0,0
2019-08-12,-0.056,67.876,78.329,75.805,49.495,0,0
2019-08-13,-0.035,62.316,71.756,76.546,38.645,0,0
2019-08-14,-0.064,72.364,81.685,79.308,56.098,0,0
2019-08-15,-0.065,72.057,81.847,79.243,55.08,0,0
2019-08-16,-0.05,61.376,55.251,79.648,49.229,0,0
2019-08-19,-0.035,61.024,61.719,80.004,41.349,0,0
2019-08-20,-0.043,65.626,70.423,79.892,46.562,0,0
2019-08-21,-0.034,64.135,69.009,80.714,42.682,0,0
2019-08-22,-0.037,64.475,70.3,80.601,42.525,0,0
2019-08-23,-0.068,74.881,82.132,86.1,56.412,0,0
2019-08-26,-0.054,72.41,78.216,89.212,49.802,0,0
2019-08-27,-0.056,74.739,81.976,92.848,49.394,0,0
2019-08-28,-0.052,67.511,65.379,90.957,46.198,0,0
2019-08-29,-0.038,64.872,61.367,91.016,42.235,0,0
2019-08-30,-0.04,62.327,52.14,90.936,43.906,0,0
2019-09-03,-0.049,68.747,68.511,86.605,51.124,0,0
2019-09-04,-0.036,65.195,65.431,86.485,43.669,0,0
2019-09-05,-0.018,56.121,46.097,86.781,35.486,0,0
2019-09-06,-0.019,58.107,54.144,84.407,35.769,0,0
2019-09-09,-0.021,60.197,60.38,84.199,36.013,0,0
2019-09-10,-0.024,52.29,39.053,81.721,36.097,0,0
2019-09-11,-0.015,50.1,37.327,79.663,33.312,0,0
2019-09-12,-0.011,48.286,46.034,72.441,26.384,0,0
2019-09-13,-0.014,45.022,35.848,72.25,26.968,0,0
2019-09-16,-0.018,48.933,42.778,71.603,32.419,0,0
2019-09-17,-0.014,48.416,44.807,71.277,29.164,0,0
2019-09-18,-0.014,49.411,47.03,70.861,30.342,0,0
2019-09-19,-0.013,50.237,47.278,70.765,32.668,0,0
2019-09-20,-0.023,53.384,48.873,70.805,40.475,0,0
2019-09-23,-0.023,48.145,49.845,53.015,41.576,0,0
2019-09-24,-0.036,53.239,56.966,53.214,49.535,0,0
2019-09-25,-0.025,46.812,42.228,53.007,45.201,0,0
2019-09-26,-0.028,52.782,55.937,52.935,49.474,0,0
2019-09-27,-0.04,52.714,52.833,50.969,54.341,0,0
2019-09-30,-0.031,48.25,42.632,51.215,50.904,0,0
2019-10-01,-0.039,64.595,68.222,65.502,60.062,0,0
2019-10-02,-0.056,71.57,75.066,73.067,66.579,0,0
2019-10-03,-0.045,69.619,71.123,71.623,66.112,0,0
2019-10-04,-0.031,64.977,57.548,73.811,63.573,0,0
2019-10-07,-0.034,68.946,65.556,73.802,67.479,0,0
2019-10-08,-0.049,76.727,79.591,77.52,73.071,0,0
2019-10-09,-0.039,72.053,67.84,77.684,70.636,0,0
2019-10-10,-0.032,70.781,64.735,77.714,69.894,0,0
2019-10-11,-0.019,64.15,47.052,78.589,66.809,0,0
2019-10-14,-0.02,69.678,62.035,78.484,68.514,0,0
2019-10-15,-0.007,61.005,42.737,77.848,62.43,0,0
2019-10-16,-0.01,66.231,56.153,77.833,64.708,0,0
2019-10-17,-0.007,67.243,60.328,77.863,63.539,0,0
2019-10-18,-0.016,67.921,58.893,77.804,67.067,0,0
2019-10-21,-0.008,63.326,49.591,78.054,62.333,0,0
2019-10-22,-0.016,65.048,53.007,77.554,64.584,0,0
2019-10-23,-0.014,63.128,47.233,77.363,64.786,0,0
2019-10-24,-0.004,64.878,53.92,77.305,63.409,0,0
2019-10-25,0.0,57.952,44.395,73.826,55.635,0,0
2019-10-28,0.0,55.824,43.034,73.817,50.62,0,0
2019-10-29,-0.008,52.096,34.913,70.526,50.85,0,0
2019-10-30,-0.003,53.316,49.084,61.103,49.76,0,0
2019-10-31,-0.002,52.28,50.937,60.979,44.926,0,0
2019-11-01,0.0,49.833,49.639,59.896,39.964,0,0
2019-11-04,0.0,45.553,39.766,59.207,37.685,0,0
2019-11-05,0.0,38.129,32.57,39.476,42.34,0,0
2019-11-06,-0.002,41.341,45.955,37.556,40.512,0,0
2019-11-07,0.0,39.517,47.631,36.378,34.542,0,0
2019-11-08,0.0,35.983,40.072,32.366,35.511,0,0
2019-11-11,-0.001,36.676,40.781,32.671,36.578,0,0
2019-11-12,0.0,35.404,45.154,29.688,31.369,0,0
2019-11-13,0.0,36.374,47.959,29.218,31.945,0,0
2019-11-14,-0.001,35.44,48.066,29.223,29.03,0,0
2019-11-15,0.0,30.337,38.182,27.917,24.912,0,0
2019-11-18,0.0,32.844,45.933,27.536,25.061,0,0
2019-11-19,0.0,32.072,44.912,27.2,24.103,0,0
2019-11-20,-0.006,33.837,48.118,27.895,25.499,0,0
2019-11-21,-0.008,34.477,45.781,28.073,29.578,0,0
2019-11-22,-0.008,32.182,37.818,27.951,30.777,0,0
2019-11-25,0.0,27.568,28.104,26.892,27.709,0,0
2019-11-26,0.0,26.804,27.382,24.151,28.879,0,0
2019-11-27,0.0,26.623,27.037,24.461,28.371,0,0
2019-11-29,-0.005,27.833,28.809,24.94,29.75,0,0
2019-12-02,-0.015,37.004,48.839,26.609,35.563,0,0
2019-12-03,-0.022,40.326,48.468,28.741,43.77,0,0
2019-12-04,-0.018,33.579,33.375,29.849,37.512,0,0
2019-12-05,-0.016,35.533,41.057,29.938,35.603,0,0
2019-12-06,-0.005,31.757,30.281,33.623,31.366,0,0
2019-12-09,-0.01,32.888,31.15,34.256,33.259,0,0
2019-12-10,-0.01,34.291,32.058,34.128,36.687,0,0
2019-12-11,-0.005,33.124,31.504,34.296,33.572,0,0
2019-12-12,0.0,30.605,28.346,35.642,27.827,0,0
2019-12-13,0.0,29.353,28.926,35.681,23.453,0,0
2019-12-16,0.0,27.16,26.72,35.594,19.166,0,0
2019-12-17,0.0,27.552,27.014,35.633,20.01,0,0
2019-12-18,0.0,27.874,27.104,35.588,20.93,0,0
2019-12-19,0.0,27.047,25.296,34.958,20.888,0,0
2019-12-20,0.0,26.329,24.287,34.872,19.828,0,0
2019-12-23,0.0,27.01,24.318,34.912,21.8,0,0
2019-12-24,0.0,26.377,23.78,34.077,21.273,0,0
2019-12-26,0.0,25.729,23.406,37.194,16.586,0,0
2019-12-27,-0.001,26.771,23.601,40.925,15.787,0,0
2019-12-30,-0.007,28.561,24.949,41.372,19.361,0,0
2019-12-31,-0.006,26.343,23.867,36.304,18.858,0,0
2020-01-02,0.0,24.592,22.465,35.265,16.046,0,0
2020-01-03,-0.009,30.391,32.163,39.729,19.28,0,0
2020-01-06,-0.003,29.175,31.741,39.845,15.939,0,0
2020-01-07,-0.003,28.885,33.736,37.857,15.063,0,0
2020-01-08,0.0,24.914,24.085,36.862,13.794,0,0
2020-01-09,0.0,22.81,20.301,38.01,10.118,0,0
2020-01-10,-0.003,28.271,34.095,39.525,11.193,0,0
2020-01-13,0.0,25.789,28.045,38.368,10.954,0,0
2020-01-14,-0.004,23.967,19.608,39.1,13.194,0,0
2020-01-15,-0.004,22.673,20.004,37.331,10.683,0,0
2020-01-16,0.0,23.236,18.962,40.68,10.068,0,0
2020-01-17,0.0,25.533,28.529,39.385,8.686,0,0
2020-01-21,-0.0,27.605,33.971,40.112,8.731,0,0
2020-01-22,0.0,26.999,34.566,39.9,6.53,0,0
2020-01-23,0.0,26.373,33.691,39.933,5.495,0,0
2020-01-24,-0.008,29.813,39.524,43.868,6.048,0,0
2020-01-27,-0.029,39.965,51.011,61.279,7.606,0,0
2020-01-28,-0.014,38.272,46.318,62.745,5.752,0,0
2020-01-29,-0.012,39.878,51.681,61.859,6.094,0,0
2020-01-30,-0.009,39.087,48.4,61.865,6.995,0,0
2020-01-31,-0.025,47.412,60.118,68.935,13.182,0,0
2020-02-03,-0.01,45.508,58.924,68.933,8.667,0,0
2020-02-04,0.0,40.102,44.687,69.857,5.763,0,0
2020-02-05,0.0,33.143,26.474,70.175,2.78,0,0
2020-02-06,0.0,36.971,38.241,70.05,2.622,0,0
2020-02-07,-0.004,38.83,42.843,70.126,3.519,0,0
2020-02-10,0.0,38.965,43.655,70.283,2.958,0,0
2020-02-11,0.0,35.809,35.466,69.998,1.965,0,0
2020-02-12,0.0,36.425,37.339,70.194,1.741,0,0
2020-02-13,-0.001,35.429,34.329,70.23,1.728,0,0
2020-02-14,0.0,34.962,34.094,69.707,1.085,0,0
2020-02-18,0.0,34.293,27.706,73.666,1.507,0,0
2020-02-19,0.0,34.303,27.305,74.532,1.071,0,0
2020-02-20,-0.009,38.194,37.976,74.861,1.745,0,0
2020-02-21,-0.028,42.255,42.53,80.13,4.106,0,0
2020-02-24,-0.066,55.979,65.252,84.378,18.306,0,0
2020-02-25,-0.091,68.234,80.894,85.268,38.539,0,0
2020-02-26,-0.087,70.634,83.082,84.89,43.93,0,0
2020-02-27,-0.132,79.084,88.181,89.651,59.42,0,0
2020-02-28,-0.132,79.763,89.313,89.545,60.43,0,1
2020-03-02,-0.087,71.275,73.16,88.888,51.777,0,0
2020-03-03,-0.116,79.529,87.683,90.889,60.014,0,0
2020-03-04,-0.079,73.358,80.469,90.9,48.706,0,0
2020-03-05,-0.107,80.178,88.441,91.873,60.22,0,0
2020-03-06,-0.122,81.825,89.49,92.314,63.672,0,0
2020-03-09,-0.183,84.876,92.146,92.577,69.904,0,0
2020-03-10,-0.139,82.681,87.409,92.547,68.087,0,0
2020-03-11,-0.176,85.258,92.164,92.732,70.879,0,0
2020-03-12,-0.252,86.046,92.402,92.74,72.997,0,0
2020-03-13,-0.188,85.3,87.948,92.71,75.241,0,0
2020-03-16,-0.286,88.257,92.381,94.431,77.959,0,0
2020-03-17,-0.231,88.923,91.857,94.399,80.513,0,0
2020-03-18,-0.255,91.708,92.227,96.853,86.042,0,0
2020-03-19,-0.25,93.254,91.838,99.205,88.719,0,0
2020-03-20,-0.28,94.663,92.264,99.961,91.765,0,0
2020-03-23,-0.279,95.39,92.386,99.903,93.882,0,0
2020-03-24,-0.223,89.6,74.309,99.787,94.703,0,0
2020-03-25,-0.229,92.368,82.351,99.788,94.965,0,0
2020-03-26,-0.189,86.858,66.176,99.633,94.764,0,0
2020-03-27,-0.216,87.125,66.271,99.73,95.374,0,0
2020-03-30,-0.188,89.528,73.71,99.615,95.26,0,0
2020-03-31,-0.195,87.093,66.178,99.539,95.563,0,0
2020-04-01,-0.229,93.747,85.118,99.769,96.353,0,0
2020-04-02,-0.213,94.345,87.237,99.52,96.276,0,0
2020-04-03,-0.225,95.106,89.201,99.463,96.653,0,0
2020-04-06,-0.169,86.878,65.637,99.1,95.897,0,0
2020-04-07,-0.169,86.924,65.694,98.948,96.129,0,0
2020-04-08,-0.152,86.29,65.191,98.701,94.977,0,0
2020-04-09,-0.151,85.86,64.95,98.13,94.5,0,0
2020-04-13,-0.141,86.165,65.38,97.999,95.117,0,0
2020-04-14,-0.104,85.465,64.693,97.469,94.234,0,0
2020-04-15,-0.114,86.091,65.16,97.776,95.336,0,0
2020-04-16,-0.098,85.97,64.809,97.265,95.835,0,0
2020-04-17,-0.09,85.395,64.31,97.231,94.645,0,0
2020-04-20,-0.1,85.923,64.609,97.12,96.041,0,0
2020-04-21,-0.134,90.83,77.852,97.086,97.553,0,0
2020-04-22,-0.108,88.661,72.605,96.9,96.479,0,0
2020-04-23,-0.11,88.639,72.524,96.828,96.564,0,0
2020-04-24,-0.096,89.718,76.984,96.567,95.603,0,0
2020-04-27,-0.088,87.482,71.903,95.855,94.688,0,0
2020-04-28,-0.106,85.017,64.033,95.785,95.233,0,0
2020-04-29,-0.074,83.475,63.282,94.474,92.67,0,0
2020-04-30,-0.074,86.015,71.628,92.754,93.664,0,0
2020-05-01,-0.1,90.371,80.452,94.393,96.267,0,0
2020-05-04,-0.09,89.586,80.125,92.639,95.996,0,0
2020-05-05,-0.08,87.935,76.667,92.16,94.979,0,0
2020-05-06,-0.074,90.248,82.803,92.244,95.697,0,0
2020-05-07,-0.062,83.156,63.578,91.617,94.272,0,0
2020-05-08,-0.049,82.48,63.089,91.459,92.893,0,0
2020-05-11,-0.041,82.524,63.293,91.301,92.978,0,0
2020-05-12,-0.061,89.197,79.49,92.985,95.115,0,0
2020-05-13,-0.072,91.923,86.19,92.844,96.735,0,0
2020-05-14,-0.062,90.128,81.607,92.889,95.89,0,0
2020-05-15,-0.056,89.922,82.625,92.303,94.838,0,0
2020-05-18,-0.038,81.739,62.677,90.83,91.709,0,0
2020-05-19,-0.041,82.036,62.989,90.1,93.02,0,0
2020-05-20,-0.022,80.987,62.07,89.963,90.928,0,0
2020-05-21,-0.032,81.57,62.563,90.011,92.135,0,0
2020-05-22,-0.029,81.215,62.441,89.764,91.44,0,0
2020-05-26,-0.031,79.904,61.382,89.628,88.704,0,0
2020-05-27,-0.026,78.729,60.613,89.86,85.713,0,0
2020-05-28,-0.027,78.435,60.457,88.767,86.081,0,0
2020-05-29,-0.013,77.852,60.248,88.247,85.06,0,0
2020-06-01,-0.01,75.971,60.04,83.913,83.96,0,0
2020-06-02,-0.004,75.124,59.634,83.857,81.879,0,0
2020-06-03,0.0,73.195,58.333,83.893,77.358,0,0
2020-06-04,-0.007,73.675,58.414,83.691,78.92,0,0
2020-06-05,0.0,68.041,53.487,84.367,66.269,0,0
2020-06-08,0.0,63.613,45.802,84.202,60.834,0,0
2020-06-09,0.0,67.495,55.193,84.438,62.854,0,0
2020-06-10,0.0,68.692,58.2,80.76,67.117,0,0
2020-06-11,-0.05,78.231,61.806,85.366,87.52,0,0
2020-06-12,-0.042,77.384,61.295,85.346,85.511,0,0
2020-06-15,-0.03,76.241,60.643,85.362,82.719,0,0
2020-06-16,-0.014,73.838,59.638,84.979,76.897,0,0
2020-06-17,-0.011,72.836,60.195,80.163,78.148,0,0
2020-06-18,-0.008,72.939,60.361,79.932,78.525,0,0
2020-06-19,-0.008,73.616,60.81,79.809,80.23,0,0
2020-06-22,0.0,72.681,60.799,79.831,77.413,0,0
2020-06-23,0.0,72.077,60.664,79.708,75.858,0,0
2020-06-24,-0.021,77.276,62.116,85.022,84.688,0,0
2020-06-25,-0.011,75.873,61.716,85.003,80.901,0,0
2020-06-26,-0.035,79.105,62.76,88.144,86.411,0,0
2020-06-29,-0.024,77.869,61.639,88.193,83.776,0,0
2020-06-30,-0.005,76.372,60.871,88.17,80.074,0,0
2020-07-01,0.0,75.946,61.07,88.039,78.729,0,0
2020-07-02,0.0,77.593,68.332,88.016,76.43,0,0
2020-07-06,0.0,74.692,67.525,88.1,68.45,0,0
2020-07-07,-0.007,78.09,68.94,91.004,74.325,0,0
2020-07-08,0.0,74.017,60.587,90.978,70.486,0,0
2020-07-09,0.0,78.295,69.389,91.219,74.277,0,0
2020-07-10,0.0,70.908,60.652,82.898,69.173,0,0
2020-07-13,-0.021,72.372,60.467,82.917,73.733,0,0
2020-07-14,-0.014,69.415,58.786,83.042,66.419,0,0
2020-07-15,-0.012,66.844,57.664,82.527,60.341,0,0
2020-07-16,-0.018,67.569,57.656,82.439,62.612,0,0
2020-07-17,-0.017,66.119,56.955,82.228,59.173,0,0
2020-07-20,0.0,65.098,57.675,81.345,56.274,0,0
2020-07-21,-0.01,64.459,56.94,81.295,55.141,0,0
2020-07-22,-0.007,66.13,63.607,81.244,53.54,0,0
2020-07-23,-0.033,63.623,55.527,80.206,55.136,0,0
2020-07-24,-0.042,65.788,56.522,80.191,60.65,0,0
2020-07-27,-0.025,62.756,56.481,75.27,56.516,0,0
2020-07-28,-0.037,64.368,56.956,74.768,61.38,0,0
2020-07-29,-0.026,61.297,55.418,74.567,53.907,0,0
2020-07-30,-0.021,61.596,56.289,74.699,53.801,0,0
2020-07-31,-0.004,60.816,56.728,75.006,50.713,0,0
2020-08-03,0.0,59.668,56.361,74.087,48.557,0,0
2020-08-04,0.0,57.295,56.372,68.488,47.025,0,0
2020-08-05,0.0,55.839,55.065,68.329,44.122,0,0
2020-08-06,0.0,54.908,55.368,68.065,41.293,0,0
2020-08-07,-0.012,53.452,52.869,67.663,39.824,0,0
2020-08-10,-0.016,52.143,51.296,66.286,38.848,0,0
2020-08-11,-0.034,52.559,51.636,66.53,39.512,0,0
2020-08-12,-0.01,51.422,51.549,67.538,35.178,0,0
2020-08-13,-0.008,49.657,52.058,67.468,29.446,0,0
2020-08-14,-0.009,47.028,51.852,67.398,21.834,0,0
2020-08-17,0.0,46.525,52.885,67.241,19.448,0,0
2020-08-18,0.0,44.027,52.899,67.24,11.942,0,0
2020-08-19,-0.007,44.547,54.065,67.309,12.267,0,0
2020-08-20,0.0,41.721,54.433,54.262,16.467,0,0
2020-08-21,0.0,39.567,54.868,53.205,10.626,0,0
2020-08-24,0.0,39.436,52.246,53.495,12.566,0,0
2020-08-25,0.0,37.241,52.345,52.166,7.213,0,0
2020-08-26,0.0,36.722,53.775,51.252,5.14,0,0
2020-08-27,-0.003,35.359,52.054,49.687,4.337,0,0
2020-08-28,0.0,34.423,49.899,49.258,4.113,0,0
2020-08-31,0.0,38.147,60.047,50.614,3.779,0,0
2020-09-01,0.0,38.323,59.668,51.863,3.439,0,0
2020-09-02,0.0,34.572,46.948,53.59,3.179,0,0
2020-09-03,-0.051,44.709,58.66,72.122,3.346,0,0
2020-09-04,-0.063,45.12,59.572,72.287,3.502,0,0
2020-09-08,-0.108,49.945,64.427,78.486,6.923,0,0
2020-09-09,-0.082,48.377,62.525,79.156,3.451,0,0
2020-09-10,-0.1,50.784,64.214,82.392,5.746,0,0
2020-09-11,-0.107,47.71,55.3,82.342,5.489,0,0
2020-09-14,-0.091,45.932,51.632,82.699,3.465,0,0
2020-09-15,-0.078,45.84,51.43,83.09,3.001,0,0
2020-09-16,-0.093,45.314,49.369,83.09,3.483,0,0
2020-09-17,-0.107,46.245,50.598,83.209,4.928,0,0
2020-09-18,-0.119,49.162,53.632,86.134,7.72,0,0
2020-09-21,-0.115,53.135,57.406,88.259,13.741,0,0
2020-09-22,-0.099,50.872,56.372,88.237,8.008,0,0
2020-09-23,-0.126,56.188,58.747,90.255,19.561,0,0
2020-09-24,-0.122,55.707,58.639,89.928,18.553,0,0
2020-09-25,-0.102,53.218,56.947,90.578,12.131,0,0
2020-09-28,-0.083,50.698,54.055,92.117,5.921,0,0
2020-09-29,-0.087,51.76,55.814,92.091,7.375,0,0
2020-09-30,-0.081,50.444,53.521,91.965,5.847,0,0
2020-10-01,-0.066,49.369,51.89,91.637,4.579,0,0
2020-10-02,-0.093,51.689,59.737,88.18,7.149,0,0
2020-10-05,-0.073,46.098,45.669,88.995,3.63,0,0
2020-10-06,-0.09,47.255,48.001,87.468,6.297,0,0
2020-10-07,-0.074,44.945,43.975,87.146,3.715,0,0
2020-10-08,-0.069,42.566,40.563,84.542,2.594,0,0
2020-10-09,-0.055,42.229,40.719,84.408,1.56,0,0
2020-10-12,-0.026,41.898,40.01,84.623,1.061,0,0
2020-10-13,-0.026,42.865,42.401,84.738,1.457,0,0
2020-10-14,-0.034,43.227,43.125,84.787,1.769,0,0
2020-10-15,-0.04,43.033,42.464,84.404,2.23,0,0
2020-10-16,-0.046,41.773,41.772,81.155,2.393,0,0
2020-10-19,-0.061,46.53,53.444,81.372,4.775,0,0
2020-10-20,-0.059,45.701,51.915,81.192,3.996,0,0
2020-10-21,-0.06,46.204,57.717,76.948,3.946,0,0
2020-10-22,-0.06,40.625,41.675,76.938,3.262,0,0
2020-10-23,-0.058,40.325,41.246,76.565,3.164,0,0
2020-10-26,-0.072,48.924,61.057,79.964,5.75,0,0
2020-10-27,-0.065,51.683,68.249,79.853,6.946,0,0
2020-10-28,-0.101,62.177,77.832,85.299,23.401,0,0
2020-10-29,-0.086,58.719,72.099,85.478,18.579,0,0
2020-10-30,-0.109,58.281,64.831,87.608,22.404,0,0
2020-11-02,-0.107,51.061,49.936,86.866,16.382,0,0
2020-11-03,-0.092,46.264,44.696,85.193,8.901,0,0
2020-11-04,-0.051,44.805,43.963,85.699,4.753,0,0
2020-11-05,-0.026,43.461,40.728,86.596,3.057,0,0
2020-11-06,-0.026,44.063,43.269,85.923,2.995,0,0
2020-11-09,-0.045,40.36,32.709,85.741,2.629,0,0
2020-11-10,-0.063,39.761,31.19,85.494,2.6,0,0
2020-11-11,-0.042,39.568,31.943,84.32,2.442,0,0
2020-11-12,-0.046,40.682,33.812,84.629,3.605,0,0
2020-11-13,-0.038,40.014,31.691,85.229,3.121,0,0
2020-11-16,-0.03,38.073,30.37,81.283,2.568,0,0
2020-11-17,-0.033,38.246,30.611,81.398,2.728,0,0
2020-11-18,-0.04,40.025,31.489,85.094,3.493,0,0
2020-11-19,-0.033,39.892,31.188,85.044,3.443,0,0
2020-11-20,-0.039,40.563,31.683,85.123,4.883,0,0
2020-11-23,-0.039,38.211,30.431,80.549,3.653,0,0
2020-11-24,-0.026,37.888,28.897,80.569,4.198,0,0
2020-11-25,-0.02,35.562,28.474,72.944,5.268,0,0
2020-11-27,-0.011,35.661,29.823,72.792,4.367,0,0
2020-11-30,-0.009,34.185,30.474,67.638,4.444,0,0
2020-12-01,0.0,32.862,29.798,67.605,1.182,0,0
2020-12-02,0.0,32.824,29.565,67.443,1.465,0,0
2020-12-03,0.0,32.365,28.765,66.544,1.787,0,0
2020-12-04,0.0,31.346,26.928,64.94,2.172,0,0
2020-12-07,0.0,34.295,35.77,64.941,2.173,0,0
2020-12-08,0.0,34.49,36.883,64.559,2.029,0,0
2020-12-09,-0.023,31.993,28.562,64.945,2.471,0,0
2020-12-10,-0.019,35.019,37.378,64.818,2.86,0,0
2020-12-11,-0.021,35.377,38.596,64.277,3.258,0,0
2020-12-14,-0.014,35.189,39.499,63.61,2.457,0,0
2020-12-15,-0.003,34.661,38.352,63.74,1.89,0,0
2020-12-16,0.0,34.385,38.519,63.456,1.181,0,0
2020-12-17,0.0,30.287,38.015,51.494,1.352,0,0
2020-12-18,-0.003,28.003,29.825,52.08,2.104,0,0
2020-12-21,-0.005,31.212,39.439,51.301,2.896,0,0
2020-12-22,-0.002,31.51,39.838,51.22,3.473,0,0
2020-12-23,-0.007,27.743,30.535,48.478,4.217,0,0
2020-12-24,-0.003,27.566,30.553,48.495,3.65,0,0
2020-12-28,0.0,30.412,38.625,49.335,3.274,0,0
2020-12-29,0.0,30.676,39.38,49.288,3.36,0,0
2020-12-30,0.0,29.696,37.872,47.189,4.028,0,0
2020-12-31,0.0,26.316,28.288,47.618,3.042,0,0
2021-01-04,-0.014,32.485,30.937,61.253,5.265,0,0
2021-01-05,-0.006,32.308,30.352,61.069,5.503,0,0
2021-01-06,-0.02,30.735,26.003,61.231,4.97,0,0
2021-01-07,0.0,32.131,28.508,64.377,3.508,0,0
2021-01-08,0.0,31.769,28.666,62.936,3.706,0,0
2021-01-11,-0.014,32.469,28.763,64.225,4.42,0,0
2021-01-12,-0.016,32.472,28.659,64.133,4.622,0,0
2021-01-13,-0.009,31.311,27.005,63.228,3.701,0,0
2021-01-14,-0.015,30.743,26.504,61.855,3.869,0,0
2021-01-15,-0.022,31.117,25.575,62.641,5.136,0,0
2021-01-19,-0.008,30.902,25.475,63.113,4.117,0,0
2021-01-20,0.0,30.784,24.61,64.519,3.223,0,0
2021-01-21,0.0,30.887,26.07,63.603,2.988,0,0
2021-01-22,-0.003,31.803,27.055,63.668,4.687,0,0
2021-01-25,0.0,31.099,25.0,63.702,4.596,0,0
2021-01-26,0.0,31.865,26.578,63.705,5.312,0,0
2021-01-27,-0.028,37.487,31.338,72.145,8.978,0,0
2021-01-28,-0.022,36.413,28.341,72.326,8.571,0,0
2021-01-29,-0.043,40.085,31.402,76.206,12.646,0,0
2021-02-01,-0.019,38.805,29.717,76.754,9.944,0,0
2021-02-02,-0.003,36.393,28.036,73.64,7.502,0,0
2021-02-03,-0.007,36.395,26.949,73.51,8.726,0,0
2021-02-04,0.0,34.914,23.833,73.72,7.19,0,0
2021-02-05,0.0,34.345,23.312,72.927,6.797,0,0
2021-02-08,0.0,34.016,23.094,72.983,5.971,0,0
2021-02-09,-0.0,34.163,22.983,72.762,6.746,0,0
2021-02-10,-0.002,33.939,22.434,72.756,6.627,0,0
2021-02-11,0.0,34.098,22.715,72.72,6.86,0,0
2021-02-12,0.0,33.249,21.835,71.595,6.316,0,0
2021-02-16,-0.003,33.87,22.538,71.345,7.727,0,0
2021-02-17,-0.007,33.768,21.646,71.31,8.349,0,0
2021-02-18,-0.012,34.023,20.95,71.091,10.027,0,0
2021-02-19,-0.016,34.342,21.261,71.087,10.677,0,0
2021-02-22,-0.042,35.277,21.272,71.236,13.323,0,0
2021-02-23,-0.044,34.833,20.788,71.201,12.508,0,0
2021-02-24,-0.037,34.289,19.841,71.289,11.738,0,0
2021-02-25,-0.07,39.607,25.03,71.254,22.538,0,0
2021-02-26,-0.066,38.78,28.999,71.189,16.152,0,0
2021-03-01,-0.038,33.414,23.701,66.141,10.402,0,0
2021-03-02,-0.054,33.836,26.44,65.868,9.2,0,0
2021-03-03,-0.081,37.735,28.354,71.086,13.764,0,0
2021-03-04,-0.096,41.031,33.184,74.749,15.161,0,0
2021-03-05,-0.083,37.944,26.92,75.499,11.413,0,0
2021-03-08,-0.109,39.925,30.211,75.491,14.072,0,0
2021-03-09,-0.073,37.115,23.916,75.755,11.673,0,0
2021-03-10,-0.076,36.714,23.879,75.928,10.334,0,0
2021-03-11,-0.055,35.066,20.626,76.01,8.562,0,0
2021-03-12,-0.062,34.647,20.37,75.972,7.6,0,0
2021-03-15,-0.052,33.825,18.754,76.325,6.395,0,0
2021-03-16,-0.047,33.888,18.752,75.669,7.242,0,0
2021-03-17,-0.043,33.585,19.046,75.616,6.093,0,0
2021-03-18,-0.073,36.503,22.232,79.122,8.156,0,0
2021-03-19,-0.069,36.347,20.575,79.111,9.355,0,0
2021-03-22,-0.052,35.799,18.98,78.995,9.421,0,0
2021-03-23,-0.056,36.409,19.243,79.163,10.821,0,0
2021-03-24,-0.072,38.034,22.889,78.823,12.39,0,0
2021-03-25,-0.073,36.27,22.707,74.162,11.941,0,0
2021-03-26,-0.06,33.741,18.164,74.633,8.424,0,0
2021-03-29,-0.06,34.126,19.484,72.894,10.001,0,0
2021-03-30,-0.065,34.053,19.745,72.739,9.675,0,0
2021-03-31,-0.05,32.291,17.882,68.563,10.428,0,0
2021-04-01,-0.034,29.414,17.106,61.595,9.542,0,0
2021-04-05,-0.015,28.93,17.091,61.243,8.456,0,0
2021-04-06,-0.015,29.328,17.017,61.039,9.927,0,0
2021-04-07,-0.013,31.934,26.401,60.228,9.173,0,0
2021-04-08,-0.003,31.581,26.276,60.159,8.308,0,0
2021-04-09,0.0,28.083,17.424,59.943,6.883,0,0
2021-04-12,-0.001,31.024,26.114,60.008,6.952,0,0
2021-04-13,0.0,30.397,25.829,59.777,5.586,0,0
2021-04-14,-0.012,27.666,16.405,60.02,6.573,0,0
2021-04-15,0.0,27.202,16.391,60.365,4.85,0,0
2021-04-16,0.0,22.403,16.406,46.106,4.697,0,0
2021-04-19,-0.009,23.031,16.449,46.684,5.959,0,0
2021-04-20,-0.016,23.726,16.884,47.881,6.413,0,0
2021-04-21,-0.008,23.043,16.826,46.778,5.524,0,0
2021-04-22,-0.02,23.586,16.45,47.973,6.335,0,0
2021-04-23,-0.008,23.505,16.45,48.401,5.666,0,0
2021-04-26,-0.001,22.699,16.436,46.126,5.536,0,0
2021-04-27,-0.005,22.879,16.652,46.086,5.898,0,0
2021-04-28,-0.009,23.06,16.768,45.986,6.427,0,0
2021-04-29,-0.005,22.891,16.724,46.034,5.915,0,0
2021-04-30,-0.012,23.839,17.285,46.228,8.004,0,0
2021-05-03,-0.017,23.348,17.802,44.316,7.927,0,0
2021-05-04,-0.035,27.454,27.275,44.978,10.109,0,0
2021-05-05,-0.038,27.574,27.826,45.026,9.869,0,0
2021-05-06,-0.031,27.649,28.275,45.395,9.277,0,0
2021-05-07,-0.023,27.028,28.666,45.414,7.004,0,0
2021-05-10,-0.048,29.295,30.572,47.208,10.103,0,0
2021-05-11,-0.049,27.828,22.241,48.301,12.941,0,0
2021-05-12,-0.073,37.805,35.29,60.848,17.278,0,0
2021-05-13,-0.066,36.407,34.418,61.289,13.515,0,0
2021-05-14,-0.046,32.736,23.139,63.99,11.078,0,0
2021-05-17,-0.051,35.805,32.578,63.819,11.019,0,0
2021-05-18,-0.058,33.708,23.755,63.995,13.374,0,0
2021-05-19,-0.057,33.995,22.639,63.563,15.784,0,0
2021-05-20,-0.039,32.423,20.29,63.682,13.296,0,0
2021-05-21,-0.044,32.756,21.11,63.02,14.139,0,0
2021-05-24,-0.028,31.702,20.113,63.571,11.421,0,0
2021-05-25,-0.026,32.29,20.167,63.632,13.071,0,0
2021-05-26,-0.023,35.219,29.0,63.634,13.022,0,0
2021-05-27,-0.027,35.097,28.763,63.407,13.121,0,0
2021-05-28,-0.024,31.968,19.126,63.093,13.683,0,0
2021-06-01,-0.027,32.298,20.042,63.039,13.813,0,0
2021-06-02,-0.025,32.218,20.011,62.755,13.889,0,0
2021-06-03,-0.035,32.584,20.784,62.844,14.124,0,0
2021-06-04,-0.019,31.17,19.653,62.103,11.755,0,0
2021-06-07,-0.016,31.301,20.13,61.792,11.982,0,0
2021-06-08,-0.015,33.951,29.451,60.852,11.55,0,0
2021-06-09,-0.015,34.465,28.935,60.543,13.916,0,0
2021-06-10,-0.005,24.924,17.72,44.291,12.762,0,0
2021-06-11,-0.002,27.445,26.712,42.356,13.268,0,0
2021-06-14,0.0,25.417,26.1,37.843,12.309,0,0
2021-06-15,-0.007,27.409,31.597,37.81,12.819,0,0
2021-06-16,-0.01,26.221,28.659,35.785,14.22,0,0
2021-06-17,0.0,23.143,19.631,35.101,14.697,0,0
2021-06-18,-0.008,32.409,29.519,48.859,18.848,0,0
2021-06-21,-0.002,32.595,28.238,53.019,16.527,0,0
2021-06-22,0.0,28.895,19.205,51.953,15.527,0,0
2021-06-23,0.0,32.343,28.763,51.937,16.328,0,0
2021-06-24,0.0,32.132,28.126,52.318,15.952,0,0
2021-06-25,-0.001,27.702,17.293,52.245,13.57,0,0
2021-06-28,0.0,27.809,17.056,52.257,14.113,0,0
2021-06-29,0.0,28.587,18.458,52.185,15.118,0,0
2021-06-30,-0.002,29.375,18.609,52.169,17.348,0,0
2021-07-01,-0.001,29.03,18.261,51.899,16.93,0,0
2021-07-02,0.0,27.656,17.595,50.996,14.377,0,0
2021-07-06,0.0,28.126,17.913,51.038,15.427,0,0
2021-07-07,0.0,28.06,17.939,51.079,15.161,0,0
2021-07-08,-0.006,30.159,20.453,52.526,17.498,0,0
2021-07-09,0.0,28.475,18.186,53.717,13.521,0,0
2021-07-12,0.0,31.795,27.746,53.728,13.913,0,0
2021-07-13,0.0,33.925,30.645,54.019,17.11,0,0
2021-07-14,0.0,30.805,21.391,53.89,17.134,0,0
2021-07-15,-0.007,34.498,32.095,53.425,17.974,0,0
2021-07-16,-0.015,34.448,27.558,54.582,21.203,0,0
2021-07-19,-0.023,41.008,42.429,55.458,25.136,0,0
2021-07-20,-0.012,34.055,28.062,55.468,18.635,0,0
2021-07-21,-0.004,32.85,24.678,55.951,17.921,0,0
2021-07-22,0.0,35.695,35.746,55.849,15.491,0,0
2021-07-23,0.0,32.538,26.91,56.387,14.316,0,0
2021-07-26,0.0,34.701,32.499,56.312,15.292,0,0
2021-07-27,-0.011,33.219,25.923,56.682,17.051,0,0
2021-07-28,-0.007,33.329,23.948,56.691,19.348,0,0
2021-07-29,-0.005,35.923,32.76,56.754,18.255,0,0
2021-07-30,-0.011,37.641,34.793,56.846,21.284,0,0
2021-08-02,-0.011,38.572,35.5,58.349,21.866,0,0
2021-08-03,-0.005,39.382,39.611,58.854,19.681,0,0
2021-08-04,-0.003,41.422,43.442,59.109,21.713,0,0
2021-08-05,0.0,41.936,46.384,58.59,20.833,0,0
2021-08-06,-0.004,40.283,42.516,57.603,20.73,0,0
2021-08-09,-0.003,41.427,45.494,57.5,21.286,0,0
2021-08-10,-0.008,40.609,43.775,57.287,20.765,0,0
2021-08-11,-0.009,38.601,38.686,57.226,19.89,0,0
2021-08-12,-0.006,37.563,38.857,55.845,17.988,0,0
2021-08-13,-0.002,36.159,36.337,54.355,17.787,0,0
2021-08-16,-0.002,32.108,38.902,38.311,19.111,0,0
2021-08-17,-0.011,31.974,41.234,36.358,18.33,0,0
2021-08-18,-0.02,40.385,50.729,49.31,21.117,0,0
2021-08-19,-0.015,40.351,47.249,49.269,24.534,0,0
2021-08-20,-0.005,35.166,36.338,47.969,21.193,0,0
2021-08-23,0.0,33.416,32.701,50.009,17.538,0,0
2021-08-24,0.0,32.057,31.073,49.066,16.032,0,0
2021-08-25,0.0,34.824,37.702,49.053,17.718,0,0
2021-08-26,-0.006,36.837,41.23,50.241,19.038,0,0
2021-08-27,0.0,32.053,27.107,50.991,18.062,0,0
2021-08-30,0.0,32.432,29.043,50.895,17.359,0,0
2021-08-31,-0.001,32.83,28.992,49.791,19.705,0,0
2021-09-01,0.0,32.728,29.679,48.445,20.06,0,0
2021-09-02,-0.0,31.507,26.752,47.861,19.908,0,0
2021-09-03,0.0,35.131,37.356,47.877,20.159,0,0
2021-09-07,0.0,36.825,39.677,48.435,22.364,0,0
2021-09-08,-0.003,34.334,33.654,48.612,20.735,0,0
2021-09-09,-0.007,40.417,49.827,49.44,21.985,0,0
2021-09-10,-0.014,41.449,47.482,51.133,25.732,0,0
2021-09-13,-0.015,39.592,41.96,52.606,24.211,0,0
2021-09-14,-0.018,41.588,46.542,52.995,25.226,0,0
2021-09-15,-0.011,39.897,42.531,53.52,23.639,0,0
2021-09-16,-0.01,38.541,49.336,39.436,26.849,0,0
2021-09-17,-0.022,39.391,45.833,42.506,29.834,0,0
2021-09-20,-0.042,50.596,57.796,56.165,37.827,0,0
2021-09-21,-0.041,53.482,65.978,54.747,39.722,0,0
2021-09-22,-0.032,51.18,61.266,56.344,35.932,0,0
2021-09-23,-0.023,47.223,48.81,58.691,34.17,0,0
2021-09-24,-0.022,48.35,53.016,58.456,33.577,0,0
2021-09-27,-0.03,46.395,46.627,57.201,35.356,0,0
2021-09-28,-0.057,56.834,56.283,66.187,48.032,0,0
2021-09-29,-0.059,55.692,52.407,66.295,48.374,0,0
2021-09-30,-0.062,63.533,64.418,71.218,54.962,0,0
2021-10-01,-0.056,59.992,57.593,72.338,50.046,0,0
2021-10-04,-0.076,65.264,62.116,77.422,56.254,0,0
2021-10-05,-0.064,63.807,59.63,78.054,53.737,0,0
2021-10-06,-0.058,60.14,49.22,78.099,53.101,0,0
2021-10-07,-0.049,59.398,51.693,78.383,48.118,0,0
2021-10-08,-0.054,61.876,59.034,78.16,48.434,0,0
2021-10-11,-0.061,65.838,64.841,78.231,54.443,0,0
2021-10-12,-0.064,65.73,64.511,78.142,54.536,0,0
2021-10-13,-0.057,64.176,59.656,77.92,54.952,0,0
2021-10-14,-0.039,53.98,36.508,78.469,46.961,0,0
2021-10-15,-0.033,51.207,33.955,76.644,43.022,0,0
2021-10-18,-0.024,53.478,45.622,72.594,42.219,0,0
2021-10-19,-0.016,51.025,41.481,71.027,40.565,0,0
2021-10-20,-0.018,46.057,30.251,70.323,37.599,0,0
2021-10-21,-0.012,45.282,30.476,68.016,37.353,0,0
2021-10-22,-0.02,44.998,30.225,67.989,36.781,0,0
2021-10-25,-0.01,44.49,30.701,67.937,34.831,0,0
2021-10-26,-0.007,43.908,33.267,61.786,36.671,0,0
2021-10-27,-0.004,51.512,52.011,61.971,40.555,0,0
2021-10-28,0.0,46.866,51.746,54.616,34.234,0,0
2021-10-29,0.0,45.62,51.085,53.545,32.231,0,0
2021-11-01,0.0,33.84,32.963,39.101,29.456,0,0
2021-11-02,0.0,40.57,53.466,38.122,30.124,0,0
2021-11-03,0.0,37.623,44.127,38.201,30.54,0,0
2021-11-04,0.0,38.773,49.55,37.487,29.281,0,0
2021-11-05,0.0,33.536,36.627,36.825,27.155,0,0
2021-11-08,-0.001,32.715,37.937,33.439,26.769,0,0
2021-11-09,-0.008,36.534,46.085,33.995,29.524,0,0
2021-11-10,-0.023,36.508,39.828,37.712,31.983,0,0
2021-11-11,-0.02,38.647,51.204,31.296,33.442,0,0
2021-11-12,-0.01,36.089,45.608,31.283,31.375,0,0
2021-11-15,-0.01,33.703,38.056,31.349,31.705,0,0
2021-11-16,-0.003,35.722,45.595,30.595,30.975,0,0
2021-11-17,-0.002,39.662,55.847,30.926,32.214,0,0
2021-11-18,0.0,40.04,57.169,31.759,31.193,0,0
2021-11-19,0.0,40.673,57.844,32.011,32.163,0,0
2021-11-22,-0.012,41.518,59.894,32.13,32.532,0,0
2021-11-23,-0.016,40.469,55.873,32.116,33.419,0,0
2021-11-24,-0.013,34.216,38.876,31.124,32.649,0,0
2021-11-26,-0.032,54.591,68.995,53.056,41.724,0,0
2021-11-29,-0.011,53.342,68.479,54.987,36.56,0,0
2021-11-30,-0.025,63.425,79.021,63.347,47.906,0,0
2021-12-01,-0.042,67.799,82.011,67.05,54.337,0,0
2021-12-02,-0.035,61.798,69.272,69.259,46.863,0,0
2021-12-03,-0.052,64.887,70.529,72.156,51.975,0,0
2021-12-06,-0.044,57.503,55.952,72.685,43.87,0,0
2021-12-07,-0.015,50.691,43.439,74.193,34.442,0,0
2021-12-08,-0.011,49.458,42.553,74.14,31.682,0,0
2021-12-09,-0.025,51.799,45.053,73.981,36.363,0,0
2021-12-10,-0.015,53.596,53.042,74.246,33.499,0,0
2021-12-13,-0.029,59.085,65.212,74.987,37.058,0,0
2021-12-14,-0.039,59.394,61.905,75.04,41.238,0,0
2021-12-15,-0.017,58.16,62.288,76.759,35.432,0,0
2021-12-16,-0.042,60.62,64.815,77.116,39.927,0,0
2021-12-17,-0.047,63.862,63.968,80.926,46.693,0,0
2021-12-20,-0.056,71.072,76.799,83.36,53.058,0,0
2021-12-21,-0.035,58.684,47.897,84.18,43.974,0,0
2021-12-22,-0.024,57.357,46.72,84.365,40.987,0,0
2021-12-23,-0.016,54.712,42.011,84.272,37.852,0,0
2021-12-27,0.0,50.622,38.214,80.728,32.924,0,0
2021-12-28,-0.005,49.809,37.474,80.344,31.609,0,0
2021-12-29,-0.005,48.525,36.839,75.476,33.26,0,0
2021-12-30,-0.008,47.966,36.918,71.521,35.459,0,0
2021-12-31,-0.014,47.875,36.918,70.939,35.769,0,0
2022-01-03,-0.004,46.504,35.489,69.96,34.061,0,0
2022-01-04,-0.017,48.739,42.632,69.775,33.811,0,0
2022-01-05,-0.048,57.893,59.656,73.28,40.743,0,0
2022-01-06,-0.048,57.353,60.225,73.228,38.606,0,0
2022-01-07,-0.059,60.603,63.386,73.095,45.327,0,0
2022-01-10,-0.058,61.981,64.841,72.593,48.509,0,0
2022-01-11,-0.044,51.915,40.053,72.566,43.125,0,0
2022-01-12,-0.04,55.488,49.762,72.249,44.455,0,0
2022-01-13,-0.064,63.697,62.407,75.463,53.219,0,0
2022-01-14,-0.058,65.235,67.672,74.987,53.048,0,0
2022-01-18,-0.082,71.141,75.913,75.939,61.572,0,0
2022-01-19,-0.092,73.05,77.831,75.86,65.46,0,0
2022-01-20,-0.103,75.08,80.132,76.614,68.493,1,0
2022-01-21,-0.128,78.062,84.418,78.571,71.197,0,0
2022-01-24,-0.124,76.902,80.489,78.439,71.777,0,0
2022-01-25,-0.145,78.824,85.344,76.931,74.196,0,0
2022-01-26,-0.146,79.623,86.825,76.746,75.298,0,0
2022-01-27,-0.155,80.144,87.619,76.323,76.491,0,0
2022-01-28,-0.128,78.257,79.841,81.085,73.844,0,0
2022-01-31,-0.1,70.802,58.254,82.275,71.878,0,0
2022-02-01,-0.094,70.511,57.672,83.042,70.818,0,0
2022-02-02,-0.087,72.606,64.312,83.955,69.551,0,0
2022-02-03,-0.124,80.743,82.698,84.458,75.074,0,0
2022-02-04,-0.113,80.956,83.056,84.563,75.249,0,0
2022-02-07,-0.12,81.044,82.381,84.511,76.241,0,0
2022-02-08,-0.11,78.353,75.714,84.669,74.675,0,0
2022-02-09,-0.091,70.375,54.802,85.04,71.284,0,0
2022-02-10,-0.112,81.104,78.796,87.103,77.412,0,0
2022-02-11,-0.14,84.823,85.582,87.685,81.201,0,0
2022-02-14,-0.139,85.303,86.19,87.738,81.982,0,0
2022-02-15,-0.117,78.642,68.307,87.46,80.159,0,0
2022-02-16,-0.118,82.333,81.058,86.257,79.684,0,0
2022-02-17,-0.144,85.873,86.614,87.156,83.849,0,0
2022-02-18,-0.154,86.217,87.275,85.013,86.361,0,0
2022-02-22,-0.162,87.566,88.73,86.455,87.513,0,0
2022-02-23,-0.184,89.39,91.508,86.958,89.703,0,0
2022-02-24,-0.156,87.663,86.878,87.249,88.861,0,0
2022-02-25,-0.143,78.687,61.521,87.937,86.604,0,0
2022-02-28,-0.14,85.423,82.169,86.958,87.141,0,0
2022-03-01,-0.154,88.764,89.339,87.381,89.571,0,0
2022-03-02,-0.139,81.623,70.093,87.963,86.815,0,0
2022-03-03,-0.152,86.257,83.783,87.698,87.288,0,0
2022-03-04,-0.164,87.59,88.638,85.437,88.696,0,0
2022-03-07,-0.195,91.125,93.228,88.188,91.959,0,0
2022-03-08,-0.199,91.282,92.91,88.161,92.774,0,0
2022-03-09,-0.17,87.29,82.302,88.849,90.718,0,0
2022-03-10,-0.179,90.01,86.839,92.302,90.891,0,0
2022-03-11,-0.196,91.669,91.839,92.183,90.987,0,0
2022-03-14,-0.211,91.561,92.09,90.741,91.853,0,0
2022-03-15,-0.187,82.462,65.899,91.429,90.058,0,0
2022-03-16,-0.157,81.103,63.492,91.561,88.256,0,0
2022-03-17,-0.146,80.66,61.534,93.307,87.139,0,0
2022-03-18,-0.129,80.938,67.937,89.841,85.037,0,0
2022-03-21,-0.131,78.099,60.714,89.749,83.833,0,0
2022-03-22,-0.114,76.423,60.146,87.156,81.968,0,0
2022-03-23,-0.127,81.942,75.82,87.024,82.984,0,0
2022-03-24,-0.108,78.711,68.294,86.495,81.346,0,0
2022-03-25,-0.108,79.639,76.561,84.471,77.885,0,0
2022-03-28,-0.094,77.502,72.738,82.579,77.189,0,0
2022-03-29,-0.079,69.549,55.741,78.386,74.521,0,0
2022-03-30,-0.089,71.036,57.5,78.069,77.538,0,0
2022-03-31,-0.1,82.196,82.103,82.011,82.473,0,0
2022-04-01,-0.102,76.813,68.241,81.772,80.427,0,0
2022-04-04,-0.084,70.466,59.802,74.603,76.993,0,0
2022-04-05,-0.104,81.124,83.161,78.452,81.757,0,0
2022-04-06,-0.123,82.915,86.455,77.315,84.975,0,0
2022-04-07,-0.121,82.427,85.728,76.971,84.582,0,0
2022-04-08,-0.134,80.872,84.616,72.791,85.209,0,0
2022-04-11,-0.154,84.435,87.632,77.302,88.371,0,0
2022-04-12,-0.158,84.867,88.876,76.27,89.455,0,0
2022-04-13,-0.141,81.111,80.331,74.974,88.028,0,0
2022-04-14,-0.16,85.467,88.743,77.487,90.17,0,0
2022-04-18,-0.16,85.451,88.717,76.905,90.731,0,0
2022-04-19,-0.141,76.083,62.328,78.042,87.877,0,0
2022-04-20,-0.153,81.619,79.907,77.381,87.567,0,0
2022-04-21,-0.171,85.381,87.302,77.593,91.25,0,0
2022-04-22,-0.193,88.506,91.323,80.106,94.091,0,0
2022-04-25,-0.182,87.38,88.373,80.106,93.662,0,0
2022-04-26,-0.213,90.587,93.333,82.897,95.53,0,0
2022-04-27,-0.214,90.085,92.593,82.13,95.532,0,0
2022-04-28,-0.186,89.821,90.0,85.013,94.45,0,0
2022-04-29,-0.223,92.405,94.22,87.05,95.945,0,0
2022-05-02,-0.21,91.529,91.587,87.077,95.922,0,0
2022-05-03,-0.209,92.079,91.759,88.77,95.707,0,0
2022-05-04,-0.182,88.883,84.312,88.624,93.714,0,0
2022-05-05,-0.223,93.375,93.743,90.503,95.88,0,0
2022-05-06,-0.233,93.628,94.497,90.344,96.043,0,0
2022-05-09,-0.263,94.647,95.767,91.587,96.587,0,0
2022-05-10,-0.254,94.375,95.754,90.728,96.645,0,0
2022-05-11,-0.276,94.85,96.138,91.548,96.864,0,0
2022-05-12,-0.278,94.622,95.503,91.389,96.976,0,0
2022-05-13,-0.251,90.0,82.831,90.648,96.52,0,0
2022-05-16,-0.259,93.163,92.288,90.595,96.604,0,0
2022-05-17,-0.24,89.616,82.103,90.595,96.148,0,0
2022-05-18,-0.278,95.808,96.085,94.246,97.094,0,0
2022-05-19,-0.281,96.034,95.82,95.212,97.072,0,0
2022-05-20,-0.284,95.498,95.437,93.902,97.154,0,0
2022-05-23,-0.272,93.288,89.312,93.902,96.65,0,0
2022-05-24,-0.287,94.709,95.04,92.381,96.708,0,0
2022-05-25,-0.277,91.57,85.701,92.354,96.654,0,0
2022-05-26,-0.257,88.183,76.151,92.275,96.123,0,0
2022-05-27,-0.233,84.11,67.487,89.603,95.24,0,0
2022-05-31,-0.235,87.049,75.582,89.577,95.989,0,0
2022-06-01,-0.241,90.244,84.815,89.55,96.368,0,0
2022-06-02,-0.22,86.406,75.04,88.585,95.594,0,0
2022-06-03,-0.24,90.371,86.733,87.685,96.696,0,0
2022-06-06,-0.238,89.588,84.563,87.606,96.594,0,0
2022-06-07,-0.231,84.344,74.934,82.09,96.008,0,0
2022-06-08,-0.237,90.996,90.331,85.82,96.838,0,0
2022-06-09,-0.257,92.741,94.471,86.164,97.589,0,0
2022-06-10,-0.283,94.887,96.905,89.524,98.232,0,0
2022-06-13,-0.317,96.101,98.069,91.521,98.714,0,0
2022-06-14,-0.315,96.155,98.175,91.468,98.821,0,0
2022-06-15,-0.298,95.092,95.304,91.23,98.742,0,0
2022-06-16,-0.327,96.112,98.598,90.701,99.036,0,0
2022-06-17,-0.318,95.971,98.175,90.728,99.01,0,0
2022-06-21,-0.301,95.349,95.807,91.415,98.825,0,0
2022-06-22,-0.302,95.341,96.257,90.913,98.853,0,0
2022-06-23,-0.292,95.327,96.349,90.913,98.72,0,0
2022-06-24,-0.268,87.02,71.376,91.521,98.163,0,0
2022-06-27,-0.273,86.941,71.217,91.362,98.244,0,0
2022-06-28,-0.295,91.907,84.643,92.354,98.723,0,0
2022-06-29,-0.294,95.241,94.802,92.328,98.592,0,0
2022-06-30,-0.303,95.841,96.521,92.302,98.699,0,0
2022-07-01,-0.299,95.391,95.86,91.799,98.514,0,0
2022-07-05,-0.287,94.681,95.278,90.251,98.515,0,0
2022-07-06,-0.282,94.554,94.974,90.225,98.463,0,0
2022-07-07,-0.267,86.565,71.323,90.304,98.067,0,0
2022-07-08,-0.266,88.717,78.36,89.749,98.041,0,0
2022-07-11,-0.281,93.92,94.127,89.272,98.36,0,0
2022-07-12,-0.288,92.006,91.601,85.926,98.492,0,0
2022-07-13,-0.29,91.614,96.243,80.159,98.439,0,0
2022-07-14,-0.287,92.059,97.632,80.106,98.439,0,0
2022-07-15,-0.274,85.057,78.333,79.537,97.302,0,0
2022-07-18,-0.28,86.706,89.934,72.513,97.672,0,0
2022-07-19,-0.258,80.529,70.82,74.497,96.27,0,0
2022-07-20,-0.247,79.546,70.688,72.024,95.926,0,0
2022-07-21,-0.236,79.034,69.96,71.958,95.185,0,0
2022-07-22,-0.249,84.815,86.045,72.077,96.323,0,0
2022-07-25,-0.253,82.663,82.553,68.981,96.455,0,0
2022-07-26,-0.268,85.295,85.86,73.042,96.984,0,0
2022-07-27,-0.237,78.254,69.021,69.762,95.979,0,0
2022-07-28,-0.23,82.491,83.267,69.656,94.55,0,0
2022-07-29,-0.216,82.897,86.587,68.267,93.836,0,0
2022-08-01,-0.216,81.618,82.751,68.267,93.836,0,0
2022-08-02,-0.218,82.077,83.254,68.638,94.339,0,0
2022-08-03,-0.197,81.548,82.169,69.167,93.307,0,0
2022-08-04,-0.193,81.98,84.444,68.77,92.725,0,0
2022-08-05,-0.2,79.784,79.087,68.36,91.905,0,0
2022-08-08,-0.203,75.463,72.778,61.892,91.72,0,0
2022-08-09,-0.212,79.515,84.352,61.468,92.725,0,0
2022-08-10,-0.19,73.801,70.979,59.868,90.556,0,0
2022-08-11,-0.194,70.811,63.73,59.63,89.074,0,0
2022-08-12,-0.179,68.602,61.005,59.22,85.582,0,0
2022-08-15,-0.172,67.778,60.926,58.545,83.862,0,0
2022-08-16,-0.174,66.402,60.278,56.786,82.143,0,0
2022-08-17,-0.183,67.663,61.296,57.381,84.312,0,0
2022-08-18,-0.181,70.018,67.5,57.156,85.397,0,0
2022-08-19,-0.197,75.326,75.463,63.241,87.275,0,0
2022-08-22,-0.218,80.926,84.511,69.167,89.101,0,0
2022-08-23,-0.219,78.624,81.032,64.339,90.503,0,0
2022-08-24,-0.217,76.534,77.606,62.183,89.815,0,0
2022-08-25,-0.203,70.829,63.413,62.328,86.746,0,0
2022-08-26,-0.236,82.478,88.307,70.026,89.101,0,0
2022-08-29,-0.243,82.95,89.802,70.106,88.942,0,0
2022-08-30,-0.252,86.124,92.063,74.193,92.116,0,0
2022-08-31,-0.256,86.063,92.487,73.214,92.487,0,0
2022-09-01,-0.256,85.481,91.72,73.267,91.455,0,0
2022-09-02,-0.266,87.072,93.122,76.243,91.852,0,0
2022-09-06,-0.271,87.628,93.492,76.19,93.201,0,0
2022-09-07,-0.257,81.098,73.267,77.513,92.513,0,0
2022-09-08,-0.253,84.528,85.489,75.847,92.249,0,0
2022-09-09,-0.236,77.535,64.299,76.931,91.376,0,0
2022-09-12,-0.227,76.552,63.439,76.402,89.815,0,0
2022-09-13,-0.27,89.184,90.992,82.778,93.783,0,0
2022-09-14,-0.264,89.286,91.852,82.884,93.122,0,0
2022-09-15,-0.276,90.534,93.161,84.444,93.995,0,0
2022-09-16,-0.281,91.631,94.18,86.323,94.392,0,0
2022-09-19,-0.275,90.899,91.997,86.706,93.995,0,0
2022-09-20,-0.281,92.072,95.304,86.151,94.762,0,0
2022-09-21,-0.294,93.139,96.23,88.082,95.106,0,0
2022-09-22,-0.302,93.333,97.05,87.791,95.159,0,0
2022-09-23,-0.314,94.303,98.175,88.942,95.794,0,0
2022-09-26,-0.317,93.466,98.73,85.582,96.085,0,0
2022-09-27,-0.316,93.307,98.492,85.556,95.873,0,0
2022-09-28,-0.303,89.03,86.667,85.582,94.841,0,0
2022-09-29,-0.323,93.924,98.082,87.87,95.82,0,0
2022-09-30,-0.334,94.665,98.571,89.048,96.376,0,0
2022-10-03,-0.319,87.191,77.368,89.101,95.106,0,0
2022-10-04,-0.297,84.286,69.074,90.238,93.545,0,0
2022-10-05,-0.298,86.354,75.648,89.656,93.757,0,0
2022-10-06,-0.303,93.02,94.444,90.701,93.915,0,0
2022-10-07,-0.33,94.837,97.209,91.799,95.503,0,0
2022-10-10,-0.336,96.023,97.487,94.524,96.058,0,0
2022-10-11,-0.346,95.472,97.738,92.328,96.349,0,0
2022-10-12,-0.346,95.428,98.029,92.09,96.164,0,0
2022-10-13,-0.33,91.653,88.347,92.222,94.392,0,0
2022-10-14,-0.351,95.639,97.487,93.796,95.635,0,0
2022-10-17,-0.329,92.116,88.042,94.709,93.598,0,0
2022-10-18,-0.324,87.403,75.384,93.73,93.095,0,0
2022-10-19,-0.326,92.235,91.085,91.653,93.968,0,0
2022-10-20,-0.33,93.743,95.45,92.183,93.598,0,0
2022-10-21,-0.314,90.243,87.632,90.82,92.275,0,0
2022-10-24,-0.306,88.651,83.73,90.688,91.534,0,0
2022-10-25,-0.292,83.025,66.944,90.886,91.243,0,0
2022-10-26,-0.308,87.399,82.063,89.788,90.344,0,0
2022-10-27,-0.32,88.064,87.54,86.071,90.582,0,0
2022-10-28,-0.3,82.87,81.574,81.958,85.079,0,0
2022-10-31,-0.308,82.456,79.511,81.561,86.296,0,0
2022-11-01,-0.315,83.122,83.439,80.582,85.344,0,0
2022-11-02,-0.338,88.241,90.331,85.238,89.153,0,0
2022-11-03,-0.351,89.043,90.966,84.55,91.614,0,0
2022-11-04,-0.341,85.604,88.016,78.902,89.894,0,0
2022-11-07,-0.334,84.771,86.111,78.254,89.947,0,0
2022-11-08,-0.329,83.157,85.635,78.095,85.741,0,0
2022-11-09,-0.344,86.662,88.757,82.685,88.545,0,0
2022-11-10,-0.296,74.347,58.108,84.352,80.582,0,0
2022-11-11,-0.283,72.059,57.235,78.624,80.317,0,0
2022-11-14,-0.289,76.684,70.926,78.175,80.952,0,0
2022-11-15,-0.279,71.808,57.381,78.042,80.0,0,0
2022-11-16,-0.289,75.238,64.683,78.016,83.016,0,0
2022-11-17,-0.291,74.206,58.862,77.778,85.979,0,0
2022-11-18,-0.291,77.209,69.59,77.196,84.841,0,0
2022-11-21,-0.298,78.99,75.728,76.825,84.418,0,0
2022-11-22,-0.288,75.56,67.698,75.013,83.968,0,0
2022-11-23,-0.281,71.327,59.96,73.677,80.344,0,0
2022-11-25,-0.285,68.66,51.984,73.571,80.423,0,0
2022-11-28,-0.296,77.892,71.68,77.394,84.603,0,0
2022-11-29,-0.301,74.409,62.262,77.262,83.704,0,0
2022-11-30,-0.269,70.476,57.341,78.373,75.714,0,0
2022-12-01,-0.268,64.643,50.198,71.64,72.09,0,0
2022-12-02,-0.271,61.698,51.177,66.455,67.46,0,0
2022-12-05,-0.284,71.618,73.135,71.032,70.688,0,0
2022-12-06,-0.298,76.504,78.294,75.661,75.556,0,0
2022-12-07,-0.301,75.238,78.757,75.608,71.349,0,0
2022-12-08,-0.293,70.578,71.839,70.344,69.55,0,0
2022-12-09,-0.298,68.514,69.696,61.772,74.074,0,0
2022-12-12,-0.289,64.184,60.675,62.143,69.735,0,0
2022-12-13,-0.281,64.713,63.267,61.984,68.889,0,0
2022-12-14,-0.286,65.375,59.987,61.905,74.233,0,0
2022-12-15,-0.31,74.868,78.082,68.585,77.937,0,0
2022-12-16,-0.317,77.447,82.619,72.077,77.646,0,0
2022-12-19,-0.327,78.541,84.762,72.13,78.73,0,0
2022-12-20,-0.327,77.399,82.526,72.13,77.54,0,0
2022-12-21,-0.317,75.269,77.698,72.209,75.899,0,0
2022-12-22,-0.334,78.228,81.799,74.55,78.333,0,0
2022-12-23,-0.332,76.808,78.73,74.577,77.116,0,0
2022-12-27,-0.339,77.359,81.085,71.865,79.127,0,0
2022-12-28,-0.348,79.753,84.061,74.299,80.899,0,0
2022-12-29,-0.332,68.492,58.003,70.807,76.667,0,0
2022-12-30,-0.332,68.624,59.087,70.754,76.032,0,0
2023-01-03,-0.337,74.387,74.18,72.923,76.058,0,0
2023-01-04,-0.325,67.346,57.288,70.384,74.365,0,0
2023-01-05,-0.32,76.12,80.04,70.093,78.228,0,0
2023-01-06,-0.301,71.781,69.378,72.659,73.307,0,0
2023-01-09,-0.296,71.38,66.19,72.183,75.767,0,0
2023-01-10,-0.29,68.461,58.439,72.209,74.735,0,0
2023-01-11,-0.278,66.755,55.278,71.944,73.042,0,0
2023-01-12,-0.274,64.277,53.307,68.677,70.847,0,0
2023-01-13,-0.255,63.907,53.796,67.923,70.0,0,0
2023-01-17,-0.254,61.548,53.69,61.931,69.021,0,0
2023-01-18,-0.247,67.196,64.709,62.619,74.259,0,0
2023-01-19,-0.254,69.453,68.836,62.434,77.09,0,0
2023-01-20,-0.234,62.566,49.788,63.386,74.524,0,0
2023-01-23,-0.217,59.982,45.529,63.201,71.217,0,0
2023-01-24,-0.218,60.459,53.241,57.606,70.529,0,0
2023-01-25,-0.22,60.776,52.897,57.553,71.878,0,0
2023-01-26,-0.205,57.046,44.828,57.712,68.598,0,0
2023-01-27,-0.197,54.436,43.28,52.249,67.778,0,0
2023-01-30,-0.213,57.65,45.86,56.349,70.741,0,0
2023-01-31,-0.201,54.25,39.101,56.878,66.772,0,0
2023-02-01,-0.184,52.95,37.05,56.455,65.344,0,0
2023-02-02,-0.155,52.13,39.034,57.011,60.344,0,0
2023-02-03,-0.17,55.37,43.704,56.825,65.582,0,0
2023-02-06,-0.177,58.523,51.574,55.45,68.545,0,0
2023-02-07,-0.16,53.999,43.201,55.701,63.095,0,0
2023-02-08,-0.175,59.837,51.614,61.204,66.693,0,0
2023-02-09,-0.182,59.793,48.545,61.204,69.63,0,0
2023-02-10,-0.188,55.899,39.471,61.164,67.063,0,0
2023-02-13,-0.175,53.351,37.526,61.918,60.608,0,0
2023-02-14,-0.169,55.353,43.836,61.825,60.397,0,0
2023-02-15,-0.162,50.384,36.204,55.423,59.524,0,0
2023-02-16,-0.178,59.475,51.799,60.648,65.979,0,0
2023-02-17,-0.184,53.783,39.286,59.418,62.646,0,0
2023-02-21,-0.203,61.481,52.738,64.167,67.54,0,0
2023-02-22,-0.202,59.078,46.746,64.167,66.323,0,0
2023-02-23,-0.195,62.363,58.479,64.537,64.074,0,0
2023-02-24,-0.209,66.839,67.13,66.349,67.037,0,0
2023-02-27,-0.203,66.874,68.902,66.429,65.291,0,0
2023-02-28,-0.204,67.125,72.209,63.399,65.767,0,0
2023-03-01,-0.211,67.685,72.394,62.222,68.439,0,0
2023-03-02,-0.204,65.639,67.249,62.394,67.275,0,0
2023-03-03,-0.188,59.299,50.82,62.632,64.444,0,0
2023-03-06,-0.187,61.014,58.77,59.034,65.238,0,0
2023-03-07,-0.197,66.459,71.587,63.214,64.577,0,0
2023-03-08,-0.193,64.757,67.937,61.971,64.365,0,0
2023-03-09,-0.207,69.233,77.632,63.082,66.984,0,0
2023-03-10,-0.218,72.743,82.989,65.899,69.339,0,0
2023-03-13,-0.212,73.629,84.511,65.794,70.582,0,0
2023-03-14,-0.194,70.026,78.28,66.455,65.344,0,1
2023-03-15,-0.19,71.57,83.386,66.429,64.894,0,0
2023-03-16,-0.168,68.161,76.468,69.101,58.915,0,0
2023-03-17,-0.172,71.023,85.053,68.836,59.18,0,0
2023-03-20,-0.169,64.987,69.828,69.286,55.847,0,0
2023-03-21,-0.158,57.69,55.185,66.243,51.64,0,0
2023-03-22,-0.169,70.11,82.54,69.722,58.069,0,0
2023-03-23,-0.159,69.846,84.974,69.563,55.0,0,0
2023-03-24,-0.156,64.431,74.709,66.812,51.772,0,0
2023-03-27,-0.162,59.317,57.196,66.733,54.021,0,0
2023-03-28,-0.166,60.441,56.098,66.733,58.492,0,0
2023-03-29,-0.151,58.276,53.545,67.712,53.571,0,0
2023-03-30,-0.139,56.971,52.368,67.593,50.952,0,0
2023-03-31,-0.124,53.448,48.294,68.056,43.995,0,0
2023-04-03,-0.126,54.237,53.862,67.474,41.376,0,0
2023-04-04,-0.129,56.243,62.725,63.042,42.963,0,0
2023-04-05,-0.118,57.566,65.926,63.148,43.624,0,0
2023-04-06,-0.095,52.509,55.767,55.992,45.767,0,0
2023-04-10,-0.095,47.09,48.307,50.45,42.513,0,0
2023-04-11,-0.088,47.416,45.847,50.344,46.058,0,0
2023-04-12,-0.089,52.412,59.484,49.392,48.36,0,0
2023-04-13,-0.071,45.101,43.823,48.175,43.307,0,0
2023-04-14,-0.073,47.253,52.646,45.78,43.333,0,0
2023-04-17,-0.072,42.857,44.55,39.339,44.683,0,0
2023-04-18,-0.072,43.201,44.537,39.008,46.058,0,0
2023-04-19,-0.072,45.317,50.344,37.116,48.492,0,0
2023-04-20,-0.066,45.432,59.709,26.587,50.0,0,0
2023-04-21,-0.045,46.213,62.87,26.64,49.127,0,0
2023-04-24,-0.046,46.495,61.653,26.376,51.455,0,0
2023-04-25,-0.064,55.586,73.651,37.13,55.979,0,0
2023-04-26,-0.058,55.6,72.791,37.262,56.746,0,0
2023-04-27,-0.033,51.071,66.376,38.479,48.36,0,0
2023-04-28,-0.026,44.466,53.029,35.899,44.471,0,0
2023-05-01,-0.027,45.04,53.77,34.894,46.455,0,0
2023-05-02,-0.036,55.591,73.717,41.071,51.984,0,0
2023-05-03,-0.042,57.641,77.024,41.243,54.656,0,0
2023-05-04,-0.045,58.153,79.286,41.442,53.73,0,0
2023-05-05,-0.025,49.683,50.106,43.73,55.212,0,0
2023-05-08,-0.023,56.724,70.198,43.677,56.296,0,0
2023-05-09,-0.029,57.275,71.243,43.942,56.64,0,0
2023-05-10,-0.018,57.24,72.011,43.862,55.847,0,0
2023-05-11,-0.015,58.122,76.508,42.513,55.344,0,0
2023-05-12,-0.018,57.619,75.529,42.46,54.868,0,0
2023-05-15,-0.013,55.406,69.444,42.407,54.365,0,0
2023-05-16,-0.012,59.25,79.18,42.646,55.926,0,0
2023-05-17,-0.0,55.304,69.114,43.836,52.963,0,0
2023-05-18,0.0,51.803,61.521,44.18,49.709,0,0
2023-05-19,-0.002,53.854,67.566,44.18,49.815,0,0
2023-05-22,0.0,46.764,49.101,44.153,47.037,0,0
2023-05-23,-0.013,52.817,63.955,43.016,51.481,0,0
2023-05-24,-0.018,58.849,76.468,43.175,56.905,0,0
2023-05-25,0.0,57.884,79.365,40.794,53.492,0,0
2023-05-26,0.0,54.974,74.709,41.614,48.598,0,0
2023-05-30,0.0,54.7,77.328,41.534,45.238,0,0
2023-05-31,-0.006,53.051,78.505,35.516,45.132,0,0
2023-06-01,0.0,50.181,74.735,34.537,41.27,0,0
2023-06-02,0.0,38.536,46.548,31.918,37.143,0,0
2023-06-05,0.0,42.945,62.46,30.37,36.005,0,0
2023-06-06,-0.0,39.877,52.685,29.907,37.037,0,0
2023-06-07,-0.017,41.504,56.786,29.735,37.989,0,0
2023-06-08,-0.005,40.066,55.873,28.77,35.556,0,0
2023-06-09,-0.001,41.31,63.426,28.651,31.852,0,0
2023-06-12,0.0,35.697,49.722,28.902,28.466,0,0
2023-06-13,0.0,31.702,41.111,28.942,25.053,0,0
2023-06-14,0.0,35.825,54.577,28.003,24.894,0,0
2023-06-15,0.0,29.29,36.31,28.016,23.545,0,0
2023-06-16,-0.006,28.889,36.574,27.712,22.381,0,0
2023-06-20,-0.008,31.204,40.78,28.254,24.577,0,0
2023-06-21,-0.021,31.504,40.661,28.214,25.635,0,0
2023-06-22,-0.01,33.302,57.831,19.405,22.672,0,0
2023-06-23,-0.02,36.437,62.315,19.537,27.46,0,0
2023-06-26,-0.033,30.282,42.923,19.616,28.307,0,0
2023-06-27,-0.016,30.031,46.905,18.981,24.206,0,0
2023-06-28,-0.014,34.511,59.418,18.955,25.159,0,0
2023-06-29,-0.016,29.894,49.643,18.135,21.905,0,0
2023-06-30,-0.001,25.392,35.847,18.611,21.72,0,0
2023-07-03,0.0,23.977,33.849,16.997,21.085,0,0
2023-07-05,-0.0,24.965,35.04,16.944,22.91,0,0
2023-07-06,-0.008,32.54,53.558,17.923,26.138,0,0
2023-07-07,-0.011,33.924,56.653,17.817,27.302,0,0
2023-07-10,-0.011,28.563,41.257,17.632,26.799,0,0
2023-07-11,-0.006,24.912,31.812,17.844,25.079,0,0
2023-07-12,0.0,28.88,48.188,17.659,20.794,0,0
2023-07-13,0.0,26.618,45.079,17.844,16.931,0,0
2023-07-14,-0.0,27.615,44.497,17.923,20.423,0,0
2023-07-17,0.0,28.298,47.5,16.574,20.82,0,0
2023-07-18,0.0,26.486,43.995,16.706,18.757,0,0
2023-07-19,-0.0,21.005,28.505,16.257,18.254,0,0
2023-07-20,-0.023,23.651,32.817,16.468,21.667,0,0
2023-07-21,-0.026,23.668,32.09,16.852,22.063,0,0
2023-07-24,-0.025,19.502,23.558,15.82,19.127,0,0
2023-07-25,-0.018,22.174,31.019,15.212,20.291,0,0
2023-07-26,-0.021,19.44,23.307,13.743,21.27,0,0
2023-07-27,-0.024,26.861,39.497,15.344,25.741,0,0
2023-07-28,-0.006,23.197,32.54,15.992,21.058,0,0
2023-07-31,-0.005,22.041,31.706,14.153,20.265,0,0
2023-08-01,-0.008,23.651,33.611,14.643,22.698,0,0
2023-08-02,-0.029,32.116,46.243,24.18,25.926,0,0
2023-08-03,-0.031,32.703,48.558,23.519,26.032,0,0
2023-08-04,-0.036,35.666,55.357,23.704,27.937,0,0
2023-08-07,-0.027,33.814,50.569,24.18,26.693,0,0
2023-08-08,-0.036,35.525,54.378,24.127,28.069,0,0
2023-08-09,-0.046,35.556,51.746,23.995,30.926,0,0
2023-08-10,-0.044,35.653,54.735,23.254,28.968,0,0
2023-08-11,-0.051,31.34,41.905,23.201,28.915,0,0
2023-08-14,-0.04,34.846,55.833,23.439,25.265,0,0
2023-08-15,-0.05,40.009,62.474,29.193,28.36,0,0
2023-08-16,-0.06,41.504,63.995,29.431,31.085,0,0
2023-08-17,-0.07,42.456,65.0,29.511,32.857,0,0
2023-08-18,-0.072,41.623,61.944,29.511,33.413,0,0
2023-08-21,-0.057,41.98,65.476,29.881,30.582,0,0
2023-08-22,-0.058,42.817,67.328,29.59,31.534,0,0
2023-08-23,-0.043,41.64,63.717,32.024,29.18,0,0
2023-08-24,-0.064,46.865,65.979,37.844,36.772,0,0
2023-08-25,-0.056,44.784,62.222,37.844,34.286,0,0
2023-08-28,-0.049,39.806,49.603,39.55,30.265,0,0
2023-08-29,-0.028,38.232,46.138,41.68,26.878,0,0
2023-08-30,-0.023,32.288,38.399,35.635,22.831,0,0
2023-08-31,-0.02,38.774,60.066,34.431,21.825,0,0
2023-09-01,-0.021,38.161,60.278,32.831,21.376,0,0
2023-09-05,-0.02,40.882,65.873,32.275,24.497,0,0
2023-09-06,-0.029,41.508,66.138,32.593,25.794,0,0
2023-09-07,-0.035,43.166,67.46,32.116,29.921,0,0
2023-09-08,-0.034,41.812,65.463,32.143,27.831,0,0
2023-09-11,-0.023,41.808,65.238,32.54,27.646,0,0
2023-09-12,-0.034,42.531,64.021,32.513,31.058,0,0
2023-09-13,-0.03,39.806,65.489,25.225,28.704,0,0
2023-09-14,-0.022,35.922,57.368,23.783,26.614,0,0
2023-09-15,-0.039,41.257,61.429,30.437,31.905,0,0
2023-09-18,-0.038,42.438,64.788,30.384,32.143,0,0
2023-09-19,-0.04,42.081,63.558,30.04,32.646,0,0
2023-09-20,-0.054,44.118,63.294,31.098,37.963,0,0
2023-09-21,-0.071,51.071,72.421,36.508,44.286,0,0
2023-09-22,-0.071,50.52,74.577,30.529,46.455,0,0
2023-09-25,-0.066,49.533,72.619,29.921,46.058,0,0
2023-09-26,-0.08,54.321,77.751,35.979,49.233,0,0
2023-09-27,-0.078,53.272,78.042,32.751,49.021,0,0
2023-09-28,-0.071,51.896,74.206,33.042,48.439,0,0
2023-09-29,-0.07,50.82,69.762,32.989,49.709,0,0
2023-10-02,-0.062,53.995,78.995,32.672,50.317,0,0
2023-10-03,-0.079,58.25,82.249,38.426,54.074,0,0
2023-10-04,-0.066,57.668,79.524,39.616,53.862,0,0
2023-10-05,-0.069,58.496,81.164,39.59,54.735,0,0
2023-10-06,-0.053,56.689,76.534,40.886,52.646,0,0
2023-10-09,-0.048,55.705,74.537,40.807,51.772,0,0
2023-10-10,-0.043,51.116,61.72,40.913,50.714,0,0
2023-10-11,-0.036,54.198,71.997,41.098,49.497,0,0
2023-10-12,-0.04,58.192,78.466,44.735,51.376,0,0
2023-10-13,-0.052,56.825,77.487,39.762,53.228,0,0
2023-10-16,-0.041,51.499,64.352,40.78,49.365,0,0
2023-10-17,-0.044,49.687,56.892,42.937,49.233,0,0
2023-10-18,-0.057,61.874,80.079,50.198,55.344,0,0
2023-10-19,-0.065,62.05,82.95,44.339,58.862,0,0
2023-10-20,-0.079,65.582,85.132,49.894,61.72,0,0
2023-10-23,-0.077,65.864,86.111,49.683,61.799,0,0
2023-10-24,-0.068,62.937,84.233,44.127,60.45,0,0
2023-10-25,-0.09,66.874,87.46,50.066,63.095,0,0
2023-10-26,-0.108,69.436,86.825,54.127,67.354,0,0
2023-10-27,-0.104,70.75,89.074,54.233,68.942,0,0
2023-10-30,-0.093,69.145,85.635,55.847,65.952,0,0
2023-10-31,-0.089,65.154,78.347,51.508,65.608,0,0
2023-11-01,-0.073,65.547,81.243,52.063,63.333,0,0
2023-11-02,-0.056,60.586,69.153,53.32,59.286,0,0
2023-11-03,-0.045,52.804,50.701,50.304,57.407,0,0
2023-11-06,-0.041,57.795,67.05,50.119,56.217,0,0
2023-11-07,-0.032,57.134,64.153,49.947,57.302,0,0
2023-11-08,-0.032,60.454,72.95,49.55,58.862,0,0
2023-11-09,-0.039,62.862,77.844,49.683,61.058,0,0
2023-11-10,-0.018,59.903,72.011,50.45,57.249,0,0
2023-11-13,-0.021,60.053,73.81,50.079,56.27,0,0
2023-11-14,0.0,49.228,45.489,52.407,49.788,0,0
2023-11-15,0.0,47.125,44.921,46.005,50.45,0,0
2023-11-16,0.0,49.824,52.063,45.344,52.063,0,0
2023-11-17,0.0,45.053,44.101,39.074,51.984,0,0
2023-11-20,0.0,45.366,50.556,37.077,48.466,0,0
2023-11-21,-0.006,46.213,50.357,37.328,50.952,0,0
2023-11-22,-0.002,39.974,42.434,26.429,51.058,0,0
2023-11-24,-0.003,36.305,40.939,16.997,50.979,0,0
2023-11-27,-0.004,36.874,42.328,16.283,52.011,0,0
2023-11-28,-0.001,38.501,48.161,15.78,51.561,0,0
2023-11-29,-0.002,38.413,46.336,16.151,52.751,0,0
2023-11-30,-0.005,35.269,38.73,15.595,51.481,0,0
2023-12-01,-0.002,33.929,38.889,12.315,50.582,0,0
2023-12-04,-0.011,33.051,33.161,12.738,53.254,0,0
2023-12-05,-0.009,36.49,43.029,12.844,53.598,0,0
2023-12-06,-0.015,37.474,42.751,13.479,56.19,0,0
2023-12-07,-0.001,36.155,41.23,13.902,53.333,0,0
2023-12-08,0.0,32.002,32.844,12.077,51.085,0,0
2023-12-11,0.0,30.163,31.111,10.093,49.286,0,0
2023-12-12,0.0,34.021,45.344,8.386,48.333,0,0
2023-12-13,0.0,26.702,31.243,5.979,42.884,0,0
2023-12-14,-0.001,24.846,27.368,6.032,41.138,0,0
2023-12-15,0.0,28.668,36.217,6.19,43.598,0,0
2023-12-18,0.0,26.085,29.974,6.402,41.878,0,0
2023-12-19,0.0,22.399,20.767,6.217,40.212,0,0
2023-12-20,-0.015,31.675,32.5,16.204,46.323,0,0
2023-12-21,-0.003,27.681,22.632,16.944,43.466,0,0
2023-12-22,-0.002,27.116,21.706,16.892,42.751,0,0
2023-12-26,0.0,25.798,20.476,16.786,40.132,0,0
2023-12-27,0.0,25.375,20.212,16.786,39.127,0,0
2023-12-28,-0.0,25.366,20.026,16.627,39.444,0,0
2023-12-29,-0.005,26.398,20.317,17.235,41.64,0,0
2024-01-02,-0.022,26.993,19.193,17.738,44.048,0,0
2024-01-03,-0.032,29.334,22.011,18.479,47.513,0,0
2024-01-04,-0.037,29.815,22.421,18.876,48.148,0,0
2024-01-05,-0.036,29.546,22.249,18.347,48.042,0,0
2024-01-08,-0.016,28.32,20.503,20.384,44.074,0,0
2024-01-09,-0.014,29.039,21.759,20.463,44.894,0,0
2024-01-10,-0.007,28.333,22.447,20.78,41.772,0,0
2024-01-11,-0.005,29.321,23.915,22.328,41.72,0,0
2024-01-12,-0.005,28.395,23.347,19.802,42.037,0,0
2024-01-16,-0.005,32.593,34.114,20.013,43.651,0,0
2024-01-17,-0.01,39.162,50.78,21.204,45.503,0,0
2024-01-18,0.0,37.954,50.833,21.865,41.164,0,0
2024-01-19,0.0,36.852,48.796,23.638,38.122,0,0
2024-01-22,0.0,30.666,41.151,13.466,37.381,0,0
2024-01-23,0.0,25.057,27.315,12.46,35.397,0,0
2024-01-24,0.0,30.357,45.331,12.487,33.254,0,0
2024-01-25,0.0,28.082,40.675,12.672,30.899,0,0
2024-01-26,-0.006,23.073,25.847,12.976,30.397,0,0
2024-01-29,0.0,22.024,23.413,13.77,28.889,0,0
2024-01-30,-0.007,22.579,25.503,13.558,28.677,0,0
2024-01-31,-0.026,34.731,46.243,24.484,33.466,0,0
2024-02-01,-0.015,28.765,32.394,25.04,28.862,0,0
2024-02-02,0.0,31.102,42.13,25.595,25.582,0,0
2024-02-05,-0.001,36.327,55.146,26.27,27.566,0,0
2024-02-06,-0.003,28.444,35.979,24.087,25.265,0,0
2024-02-07,0.0,30.454,45.331,24.418,21.614,0,0
2024-02-08,0.0,31.759,50.926,24.299,20.053,0,0
2024-02-09,0.0,28.796,43.743,24.762,17.884,0,0
2024-02-12,-0.004,23.254,25.251,24.934,19.577,0,0
2024-02-13,-0.019,35.899,49.537,33.585,24.577,0,0
2024-02-14,-0.009,28.452,28.783,33.532,23.042,0,0
2024-02-15,-0.006,25.335,24.987,33.347,17.672,0,0
2024-02-16,-0.015,31.076,39.087,32.738,21.402,0,0
2024-02-20,-0.022,32.54,39.722,33.241,24.656,0,0
2024-02-21,-0.026,27.681,23.466,33.624,25.952,0,0
2024-02-22,0.0,30.317,34.286,36.852,19.815,0,0
2024-02-23,-0.003,29.996,33.902,36.772,19.312,0,0
2024-02-26,-0.003,32.443,39.63,36.984,20.714,0,0
2024-02-27,-0.001,28.435,29.378,36.561,19.365,0,0
2024-02-28,-0.006,28.611,30.331,36.561,18.942,0,0
2024-02-29,0.0,25.917,33.188,27.579,16.984,0,0
2024-03-01,0.0,23.056,27.857,26.786,14.524,0,0
2024-03-04,-0.004,27.425,40.357,25.86,16.058,0,0
2024-03-05,-0.021,28.77,39.762,27.447,19.101,0,0
2024-03-06,-0.015,27.46,37.606,27.553,17.222,0,0
2024-03-07,-0.0,20.873,19.299,27.817,15.503,0,0
2024-03-08,-0.015,23.827,25.926,30.291,15.265,0,0
2024-03-11,-0.018,21.384,17.857,30.344,15.952,0,0
2024-03-12,-0.004,20.895,18.796,30.952,12.937,0,0
2024-03-13,-0.012,17.46,18.003,21.839,12.54,0,0
2024-03-14,-0.015,19.749,26.733,21.164,11.349,0,0
2024-03-15,-0.026,20.996,27.579,21.786,13.624,0,0
2024-03-18,-0.017,22.006,32.685,21.429,11.905,0,0
2024-03-19,-0.014,18.951,26.124,20.78,9.947,0,0
2024-03-20,-0.003,20.335,31.389,21.204,8.413,0,0
2024-03-21,0.0,16.146,24.669,15.728,8.042,0,0
2024-03-22,0.0,18.571,31.693,15.873,8.148,0,0
2024-03-25,-0.004,18.92,32.526,15.714,8.519,0,0
2024-03-26,-0.007,17.169,27.143,16.005,8.36,0,0
2024-03-27,-0.003,12.773,16.521,14.444,7.354,0,0
2024-03-28,-0.005,12.813,16.534,14.497,7.407,0,0
2024-04-01,-0.003,13.073,17.341,13.704,8.175,0,0
2024-04-02,-0.012,16.314,24.815,14.524,9.603,0,0
2024-04-03,-0.01,16.292,26.415,12.725,9.735,0,0
2024-04-04,-0.025,24.907,38.624,21.812,14.286,0,0
2024-04-05,-0.013,21.953,33.558,22.037,10.265,0,0
2024-04-08,-0.013,21.274,32.672,21.257,9.894,0,0
2024-04-09,-0.009,16.314,17.407,21.243,10.291,0,0
2024-04-10,-0.018,27.703,41.905,27.209,13.995,0,0
2024-04-11,-0.002,26.922,41.601,28.188,10.979,0,0
2024-04-12,-0.018,33.373,49.894,35.833,14.392,0,0
2024-04-15,-0.034,37.059,51.878,41.918,17.381,0,0
2024-04-16,-0.034,37.372,53.003,41.045,18.069,0,0
2024-04-17,-0.046,37.235,50.503,40.728,20.476,0,0
2024-04-18,-0.051,36.949,51.759,38.823,20.265,0,0
2024-04-19,-0.071,36.539,47.91,38.876,22.831,0,0
2024-04-22,-0.062,35.772,46.217,40.886,20.212,0,0
2024-04-23,-0.048,32.857,37.05,43.188,18.333,0,0
2024-04-24,-0.045,33.056,36.878,43.188,19.101,0,0
2024-04-25,-0.049,36.662,44.788,44.246,20.952,0,0
2024-04-26,-0.034,37.324,44.987,46.799,20.185,0,0
2024-04-29,-0.031,36.605,40.86,48.664,20.291,0,0
2024-04-30,-0.049,43.166,49.987,53.743,25.767,0,0
2024-05-01,-0.056,43.126,47.698,54.034,27.646,0,0
2024-05-02,-0.044,41.045,47.857,50.648,24.63,0,0
2024-05-03,-0.024,37.562,43.995,48.638,20.053,0,0
2024-05-06,-0.014,35.406,37.632,49.802,18.783,0,0
2024-05-07,-0.014,32.884,30.622,49.537,18.492,0,0
2024-05-08,-0.014,33.735,37.302,42.791,21.111,0,0
2024-05-09,-0.012,29.493,29.061,40.026,19.392,0,0
2024-05-10,-0.01,24.757,22.169,32.791,19.312,0,0
2024-05-13,-0.007,22.372,22.116,25.106,19.894,0,0
2024-05-14,-0.001,22.059,21.521,24.947,19.709,0,0
2024-05-15,0.0,20.243,20.701,25.053,14.974,0,0
2024-05-16,-0.002,20.617,20.728,24.59,16.534,0,0
2024-05-17,-0.003,18.779,20.437,19.444,16.455,0,0
2024-05-20,0.0,22.597,32.765,18.915,16.111,0,0
2024-05-21,0.0,23.095,36.27,17.593,15.423,0,0
2024-05-22,-0.0,23.219,34.656,17.91,17.09,0,0
2024-05-23,-0.005,29.555,48.929,18.942,20.794,0,0
2024-05-24,0.0,28.413,47.196,18.386,19.656,0,0
2024-05-28,0.0,29.881,52.394,18.386,18.862,0,0
2024-05-29,-0.007,28.77,56.27,8.003,22.037,0,0
2024-05-30,-0.018,26.984,47.553,8.902,24.497,0,0
2024-05-31,-0.02,23.183,38.32,8.796,22.434,0,0
2024-06-03,-0.014,25.996,47.421,7.341,23.228,0,0
2024-06-04,-0.012,25.384,45.847,6.151,24.153,0,0
2024-06-05,0.0,25.348,47.646,7.897,20.503,0,0
2024-06-06,-0.0,23.435,38.677,7.95,23.677,0,0
2024-06-07,-0.001,27.522,49.537,7.738,25.291,0,0
2024-06-10,0.0,21.918,33.915,7.844,23.995,0,0
2024-06-11,0.0,24.396,40.714,7.87,24.603,0,0
2024-06-12,0.0,26.327,48.651,8.399,21.931,0,0
2024-06-13,0.0,26.689,55.0,6.627,18.439,0,0
2024-06-14,0.0,27.963,57.103,6.495,20.291,0,0
2024-06-17,0.0,26.433,53.862,7.368,18.069,0,0
2024-06-18,0.0,26.556,54.101,7.421,18.148,0,0
2024-06-20,-0.008,22.416,39.722,7.923,19.603,0,0
2024-06-21,-0.01,19.718,30.569,7.87,20.714,0,0
2024-06-24,-0.022,20.22,32.183,6.786,21.693,0,0
2024-06-25,-0.01,23.673,45.807,6.534,18.677,0,0
2024-06-26,-0.008,23.911,48.214,6.561,16.958,0,0
2024-06-27,-0.006,18.986,35.185,5.582,16.19,0,0
2024-06-28,-0.011,21.19,40.608,5.053,17.91,0,0
2024-07-01,-0.005,25.675,52.659,4.894,19.471,0,0
2024-07-02,0.0,23.514,49.392,4.987,16.164,0,0
2024-07-03,0.0,25.176,54.762,5.053,15.714,0,0
2024-07-05,0.0,20.86,43.571,4.854,14.153,0,0
2024-07-08,0.0,23.593,52.183,4.868,13.73,0,0
2024-07-09,0.0,25.401,58.677,4.749,12.778,0,0
2024-07-10,0.0,23.386,54.894,5.053,10.212,0,0
2024-07-11,-0.022,18.69,37.037,6.151,12.884,0,0
2024-07-12,-0.016,14.802,25.78,5.873,12.751,0,0
2024-07-15,-0.014,19.762,40.899,6.164,12.222,0,0
2024-07-16,-0.013,14.78,26.601,6.362,11.376,0,0
2024-07-17,-0.042,19.612,26.852,16.243,15.741,0,0
2024-07-18,-0.047,24.824,36.323,17.196,20.952,0,0
2024-07-19,-0.055,27.213,39.55,17.91,24.18,0,0
2024-07-22,-0.041,21.755,24.735,19.524,21.005,0,0
2024-07-23,-0.044,25.569,34.987,19.339,22.381,0,0
2024-07-24,-0.079,37.72,51.944,31.825,29.392,0,0
2024-07-25,-0.089,39.087,52.474,31.852,32.937,0,0
2024-07-26,-0.08,34.175,38.585,33.201,30.741,0,0
2024-07-29,-0.078,30.106,26.852,33.042,30.423,0,0
2024-07-30,-0.09,30.891,26.19,33.28,33.201,0,0
2024-07-31,-0.063,29.524,23.148,36.481,28.942,0,0
2024-08-01,-0.086,42.429,49.458,43.148,34.683,0,0
2024-08-02,-0.108,51.032,62.063,48.995,42.037,0,0
2024-08-05,-0.134,58.721,68.148,56.296,51.72,0,0
2024-08-06,-0.126,55.569,61.706,57.037,47.963,0,0
2024-08-07,-0.136,58.201,66.667,56.111,51.825,0,0
2024-08-08,-0.109,52.046,50.794,58.677,46.667,0,0
2024-08-09,-0.104,50.644,45.026,61.72,45.185,0,0
2024-08-12,-0.103,55.163,58.519,61.944,45.026,0,0
2024-08-13,-0.08,49.502,43.373,65.397,39.735,0,0
2024-08-14,-0.08,52.275,52.698,61.614,42.513,0,0
2024-08-15,-0.057,43.624,31.455,62.407,37.011,0,0
2024-08-16,-0.056,42.981,30.41,62.209,36.323,0,0
2024-08-19,-0.043,40.736,26.64,62.05,33.519,0,0
2024-08-20,-0.045,42.147,30.119,62.037,34.286,0,0
2024-08-21,-0.041,40.666,32.143,55.754,34.101,0,0
2024-08-22,-0.056,41.83,30.423,55.886,39.18,0,0
2024-08-23,-0.046,38.519,24.563,55.86,35.132,0,0
2024-08-26,-0.055,38.99,25.794,55.992,35.185,0,0
2024-08-27,-0.052,39.484,26.905,55.78,35.767,0,0
2024-08-28,-0.063,43.263,34.14,55.172,40.476,0,0
2024-08-29,-0.064,42.61,38.439,49.471,39.921,0,0
2024-08-30,-0.053,38.104,35.728,42.209,36.376,0,0
2024-09-03,-0.082,45.472,50.635,39.643,46.138,0,0
2024-09-04,-0.084,46.499,53.003,39.563,46.931,0,0
2024-09-05,-0.083,47.2,54.656,39.167,47.778,0,0
2024-09-06,-0.108,52.76,61.032,44.365,52.884,0,0
2024-09-09,-0.096,49.065,51.481,45.0,50.714,0,0
2024-09-10,-0.088,50.944,57.249,45.132,50.45,0,0
2024-09-11,-0.068,49.705,56.442,44.206,48.466,0,0
2024-09-12,-0.059,43.708,40.0,44.484,46.64,0,0
2024-09-13,-0.055,44.899,46.706,42.672,45.317,0,0
2024-09-16,-0.059,41.107,35.966,42.619,44.735,0,0
2024-09-17,-0.059,37.848,26.614,42.169,44.762,0,0
2024-09-18,-0.063,41.032,33.466,42.302,47.328,0,0
2024-09-19,-0.039,40.207,34.537,44.63,41.455,0,0
2024-09-20,-0.041,41.477,37.923,44.127,42.381,0,0
2024-09-23,-0.038,38.541,31.23,43.333,41.058,0,0
2024-09-24,-0.034,37.787,29.735,43.201,40.423,0,0
2024-09-25,-0.033,42.086,42.5,43.28,40.476,0,0
2024-09-26,-0.025,41.75,41.733,42.698,40.82,0,0
2024-09-27,-0.031,35.243,20.992,42.751,41.984,0,0
2024-09-30,-0.028,37.571,28.386,43.505,40.82,0,0
2024-10-01,-0.042,36.226,31.481,33.73,43.466,0,0
2024-10-02,-0.04,39.563,40.41,33.413,44.868,0,0
2024-10-03,-0.041,40.485,44.563,33.188,43.704,0,0
2024-10-04,-0.03,32.227,36.27,21.442,38.968,0,0
2024-10-07,-0.04,36.08,43.36,22.474,42.407,0,0
2024-10-08,-0.026,34.797,43.69,23.373,37.328,0,0
2024-10-09,-0.018,29.228,31.138,22.579,33.968,0,0
2024-10-10,-0.019,31.182,37.791,22.024,33.73,0,0
2024-10-11,-0.018,25.529,22.209,22.13,32.249,0,0
2024-10-14,-0.009,26.839,26.667,22.95,30.899,0,0
2024-10-15,-0.023,27.072,22.526,24.299,34.392,0,0
2024-10-16,-0.023,25.648,21.614,24.114,31.217,0,0
2024-10-17,-0.022,29.325,34.947,20.146,32.884,0,0
2024-10-18,-0.016,29.894,37.712,20.146,31.825,0,0
2024-10-21,-0.014,30.198,40.556,20.251,29.788,0,0
2024-10-22,-0.013,31.023,42.87,20.251,29.947,0,0
2024-10-23,-0.028,35.564,48.585,21.759,36.349,0,0
2024-10-24,-0.02,36.032,43.241,26.653,38.201,0,0
2024-10-25,-0.014,35.229,38.796,26.601,40.291,0,0
2024-10-28,-0.014,32.623,30.238,28.029,39.603,0,0
2024-10-29,-0.004,36.217,43.003,26.336,39.312,0,0
2024-10-30,-0.012,39.713,50.794,26.68,41.667,0,0
2024-10-31,-0.037,48.651,56.852,40.159,48.942,0,0
2024-11-01,-0.03,46.786,53.466,39.193,47.698,0,0
2024-11-04,-0.032,46.384,51.455,37.884,49.815,0,0
2024-11-05,-0.02,43.827,45.013,38.77,47.698,0,0
2024-11-06,0.0,42.906,49.497,41.653,37.566,0,0
2024-11-07,0.0,39.555,45.331,38.413,34.921,0,0
2024-11-08,0.0,39.996,49.735,36.706,33.545,0,0
2024-11-11,-0.001,39.78,49.484,36.071,33.783,0,0
2024-11-12,-0.002,41.914,55.833,35.146,34.762,0,0
2024-11-13,-0.004,41.407,56.706,33.995,33.519,0,0
2024-11-14,-0.011,43.108,56.839,34.709,37.778,0,0
2024-11-15,-0.034,48.933,61.495,42.235,43.069,0,0
2024-11-18,-0.027,47.041,57.989,42.262,40.873,0,0
2024-11-19,-0.021,46.601,59.339,42.288,38.175,0,0
2024-11-20,-0.021,44.718,53.003,41.362,39.788,0,0
2024-11-21,-0.018,41.856,46.376,41.442,37.751,0,0
2024-11-22,-0.016,40.317,42.897,41.415,36.64,0,0
2024-11-25,-0.015,34.735,25.595,41.389,37.222,0,0
2024-11-26,-0.009,39.978,43.545,41.415,34.974,0,0
2024-11-27,-0.017,34.938,26.918,41.389,36.508,0,0
2024-11-29,-0.009,30.229,26.587,29.815,34.286,0,0
2024-12-02,0.0,31.936,31.958,29.643,34.206,0,0
2024-12-03,0.0,35.106,40.728,29.114,35.476,0,0
2024-12-04,0.0,37.152,50.251,27.632,33.571,0,0
2024-12-05,-0.003,35.485,52.606,19.352,34.497,0,0
2024-12-06,0.0,35.357,55.582,15.569,34.921,0,0
2024-12-09,-0.008,30.913,39.365,15.728,37.646,0,0
2024-12-10,-0.011,36.323,53.743,15.807,39.418,0,0
2024-12-11,0.0,35.551,54.603,16.389,35.661,0,0
2024-12-12,-0.006,38.422,60.384,16.786,38.095,0,0
2024-12-13,0.0,38.695,61.151,15.939,38.995,0,0
2024-12-16,0.0,36.221,64.233,7.5,36.931,0,0
2024-12-17,-0.004,37.381,64.762,7.54,39.841,0,0
2024-12-18,-0.04,49.687,71.614,27.235,50.212,0,0
2024-12-19,-0.045,50.181,72.593,27.183,50.767,0,0
2024-12-20,-0.036,47.368,65.503,28.188,48.413,0,0
2024-12-23,-0.027,45.225,59.815,28.347,47.513,0,0
2024-12-24,-0.014,44.228,58.466,29.616,44.603,0,0
2024-12-26,-0.014,43.236,55.357,29.22,45.132,0,0
2024-12-27,-0.027,49.418,62.672,36.614,48.968,0,0
2024-12-30,-0.04,54.145,67.354,41.825,53.254,0,0
2024-12-31,-0.049,49.149,51.812,41.746,53.889,0,0
2025-01-02,-0.05,55.582,69.656,41.693,55.397,0,0
2025-01-03,-0.035,53.144,64.537,42.513,52.381,0,0
2025-01-06,-0.024,53.28,65.45,42.698,51.693,0,0
2025-01-07,-0.041,58.276,69.524,51.786,53.519,0,0
2025-01-08,-0.041,57.716,69.114,51.601,52.434,0,0
2025-01-10,-0.056,62.072,74.603,56.005,55.608,0,0
2025-01-13,-0.059,59.802,66.561,56.23,56.614,0,0
2025-01-14,-0.06,58.999,64.339,56.177,56.481,0,0
2025-01-15,-0.038,57.416,64.272,58.902,49.074,0,0
2025-01-16,-0.045,54.66,56.27,58.743,48.968,0,0
2025-01-17,-0.029,54.749,57.804,59.087,47.354,0,0
2025-01-21,-0.023,44.775,39.616,50.397,44.312,0,0
2025-01-22,-0.011,50.644,58.995,50.476,42.46,0,0
2025-01-23,-0.009,46.226,46.587,49.444,42.646,0,0
2025-01-24,-0.014,46.093,46.667,49.339,42.275,0,0
2025-01-27,-0.043,48.157,45.026,54.947,44.497,0,0
2025-01-28,-0.029,50.445,59.603,55.648,36.085,0,0
2025-01-29,-0.031,50.811,61.825,51.164,39.444,0,0
2025-01-30,-0.027,47.584,61.005,45.053,36.693,0,0
2025-01-31,-0.028,50.278,61.812,45.344,43.677,0,0
2025-02-03,-0.036,53.532,67.368,45.979,47.249,0,0
2025-02-04,-0.024,52.183,66.812,44.656,45.079,0,0
2025-02-05,-0.019,51.777,63.849,44.497,46.984,0,0
2025-02-06,-0.014,50.542,66.706,38.307,46.614,0,0
2025-02-07,-0.027,53.179,67.857,39.193,52.487,0,0
2025-02-10,-0.015,49.458,66.759,30.899,50.714,0,0
2025-02-11,-0.017,49.422,64.907,30.926,52.434,0,0
2025-02-12,-0.017,51.283,69.034,31.217,53.598,0,0
2025-02-13,-0.003,46.997,61.786,28.122,51.085,0,0
2025-02-14,0.0,47.438,64.259,27.685,50.37,0,0
2025-02-18,0.0,46.133,60.608,26.521,51.27,0,0
2025-02-19,0.0,45.666,60.794,25.675,50.529,0,0
2025-02-20,-0.004,44.29,54.18,25.648,53.042,0,0
2025-02-21,-0.025,53.567,66.746,36.098,57.857,0,0
2025-02-24,-0.036,52.566,62.407,36.323,58.968,0,0
2025-02-25,-0.049,51.235,65.119,27.077,61.508,0,0
2025-02-26,-0.046,45.873,52.553,25.913,59.153,0,0
2025-02-27,-0.073,56.539,71.455,35.569,62.593,0,0
2025-02-28,-0.058,52.91,61.071,38.426,59.233,0,0
2025-03-03,-0.079,60.767,75.661,45.423,61.217,0,0
2025-03-04,-0.081,65.397,80.185,50.794,65.212,0,0
2025-03-05,-0.07,61.865,70.384,51.587,63.624,0,0
2025-03-06,-0.095,67.782,78.545,56.495,68.307,0,0
2025-03-07,-0.088,65.379,71.085,56.772,68.28,0,0
2025-03-10,-0.124,72.341,82.725,61.786,72.513,0,0
2025-03-11,-0.126,73.439,84.788,61.429,74.101,0,0
2025-03-12,-0.116,73.435,84.854,61.72,73.73,1,0
2025-03-13,-0.132,76.085,89.471,63.677,75.106,0,0
2025-03-14,-0.111,70.269,71.362,65.688,73.757,0,0
2025-03-17,-0.105,66.098,56.839,68.651,72.804,0,0
2025-03-18,-0.12,73.854,77.116,69.735,74.709,0,0
2025-03-19,-0.109,69.215,62.156,71.865,73.624,0,0
2025-03-20,-0.112,75.229,74.352,77.315,74.021,0,0
2025-03-21,-0.109,77.222,79.563,77.738,74.365,0,0
2025-03-24,-0.089,72.394,69.828,75.82,71.534,0,0
2025-03-25,-0.084,74.343,75.635,75.728,71.667,0,0
2025-03-26,-0.101,74.264,72.566,77.103,73.122,0,0
2025-03-27,-0.106,75.428,77.024,75.45,73.81,0,0
2025-03-28,-0.13,80.137,86.548,76.667,77.196,0,0
2025-03-31,-0.13,78.823,84.074,74.881,77.513,0,0
2025-04-01,-0.123,77.712,83.704,72.844,76.587,0,0
2025-04-02,-0.116,72.46,68.188,72.579,76.614,0,0
2025-04-03,-0.163,84.638,92.553,77.13,84.233,0,0
2025-04-04,-0.215,89.206,97.116,81.931,88.571,0,0
2025-04-07,-0.214,89.021,97.963,79.974,89.127,0,0
2025-04-08,-0.228,90.304,98.651,81.944,90.317,0,0
2025-04-09,-0.135,77.482,66.19,82.632,83.624,0,0
2025-04-10,-0.172,87.39,91.627,82.685,87.857,0,0
2025-04-11,-0.157,83.814,81.958,82.712,86.772,0,0
2025-04-14,-0.151,78.549,66.614,82.765,86.27,0,0
2025-04-15,-0.15,82.941,81.296,80.86,86.667,0,0
2025-04-16,-0.175,86.265,87.5,82.91,88.386,0,0
2025-04-17,-0.176,84.885,83.532,82.95,88.175,0,0
2025-04-21,-0.196,88.77,92.487,84.22,89.603,0,0
2025-04-22,-0.175,80.022,67.513,84.246,88.307,0,0
2025-04-23,-0.156,80.093,66.534,86.204,87.54,0,0
2025-04-24,-0.132,82.747,75.728,86.455,86.058,0,0
2025-04-25,-0.123,85.243,78.651,91.918,85.159,0,0
2025-04-28,-0.123,81.235,69.854,89.987,83.862,0,0
2025-04-29,-0.117,82.892,75.066,89.987,83.624,0,0
2025-04-30,-0.117,78.968,63.294,89.987,83.624,0,0
2025-05-01,-0.106,85.287,79.286,92.685,83.889,0,0
2025-05-02,-0.093,82.884,76.706,88.611,83.333,0,0
2025-05-05,-0.098,82.817,78.849,85.106,84.497,0,0
2025-05-06,-0.106,84.996,83.704,85.119,86.164,0,0
2025-05-07,-0.103,81.667,78.717,80.675,85.608,0,0
2025-05-08,-0.094,75.675,65.172,77.275,84.577,0,0
2025-05-09,-0.094,77.324,79.153,67.923,84.894,0,0
2025-05-12,-0.057,66.429,57.011,63.148,79.127,0,0
2025-05-13,-0.043,69.7,69.669,62.474,76.958,0,0
2025-05-14,-0.037,71.058,73.452,62.315,77.407,0,0
2025-05-15,-0.036,65.044,65.595,52.579,76.958,0,0
2025-05-16,-0.032,58.267,47.235,51.799,75.767,0,0
2025-05-19,-0.031,54.969,48.241,40.608,76.058,0,0
2025-05-20,-0.034,55.229,49.762,38.757,77.169,0,0
2025-05-21,-0.048,67.579,74.22,47.91,80.608,0,0
2025-05-22,-0.046,65.441,69.365,45.979,80.979,0,0
2025-05-23,-0.055,68.624,77.037,46.667,82.169,0,0
2025-05-27,-0.032,59.881,52.183,48.862,78.598,0,0
2025-05-28,-0.037,63.342,60.635,49.286,80.106,0,0
2025-05-29,-0.035,60.657,53.241,49.286,79.444,0,0
2025-05-30,-0.036,64.996,65.384,49.286,80.317,0,0
2025-06-02,-0.029,65.388,68.624,48.466,79.074,0,0
2025-06-03,-0.021,63.351,64.206,47.857,77.989,0,0
2025-06-04,-0.018,61.243,58.968,47.116,77.646,0,0
2025-06-05,-0.026,65.273,69.921,47.593,78.307,0,0
2025-06-06,-0.016,58.285,51.019,46.799,77.037,0,0
2025-06-09,-0.015,59.965,56.746,46.72,76.429,0,0
2025-06-10,-0.008,56.032,54.312,38.624,75.159,0,0
2025-06-11,-0.012,58.554,61.005,38.598,76.058,0,0
2025-06-12,-0.009,56.257,55.331,38.704,74.735,0,0
2025-06-13,-0.022,64.131,71.468,46.429,74.497,0,0
2025-06-16,-0.008,62.65,68.307,46.892,72.751,0,0
2025-06-17,-0.018,65.675,74.643,47.593,74.788,0,0
2025-06-18,-0.018,65.304,73.175,47.447,75.291,0,0
2025-06-20,-0.022,60.031,65.913,37.884,76.296,0,0
2025-06-23,-0.012,59.793,65.992,39.127,74.259,0,0
2025-06-24,0.0,52.672,48.082,39.167,70.767,0,0
2025-06-25,0.0,55.996,64.868,32.963,70.159,0,0
2025-06-26,0.0,53.999,62.103,31.481,68.413,0,0
2025-06-27,0.0,51.931,57.725,31.217,66.852,0,0
2025-06-30,0.0,47.84,45.675,31.019,66.825,0,0
2025-07-01,-0.008,46.839,41.958,31.019,67.54,0,0
2025-07-02,-0.002,48.986,51.362,30.913,64.683,0,0
2025-07-03,0.0,47.906,50.026,31.521,62.169,0,0
2025-07-07,-0.008,49.361,53.069,32.447,62.566,0,0
2025-07-08,-0.007,46.839,46.376,31.23,62.91,0,0
2025-07-09,0.0,48.223,53.77,29.868,61.032,0,0
2025-07-10,-0.001,47.077,49.497,29.325,62.407,0,0
2025-07-11,-0.004,50.375,58.624,29.511,62.989,0,0
2025-07-14,-0.0,51.213,61.032,29.458,63.148,0,0
2025-07-15,0.0,50.869,67.526,20.053,65.026,0,0
2025-07-16,0.0,43.823,48.479,19.101,63.889,0,0
2025-07-17,0.0,45.295,55.569,17.857,62.46,0,0
2025-07-18,-0.001,46.336,58.69,17.989,62.328,0,0
2025-07-21,0.0,46.442,61.468,17.751,60.106,0,0
2025-07-22,-0.005,40.326,42.196,17.54,61.243,0,0
2025-07-23,-0.001,40.141,47.183,15.569,57.672,0,0
2025-07-24,0.0,43.302,56.111,15.622,58.175,0,0
2025-07-25,0.0,37.002,41.548,13.426,56.032,0,0
2025-07-28,0.0,42.385,58.492,13.452,55.212,0,0
2025-07-29,-0.002,43.69,60.423,13.558,57.09,0,0
2025-07-30,-0.0,45.379,64.431,13.611,58.095,0,0
2025-07-31,-0.006,48.258,71.032,13.743,60.0,0,0
2025-08-01,-0.025,53.924,74.696,23.188,63.889,0,0
2025-08-04,-0.007,51.036,66.878,26.071,60.159,0,0
2025-08-05,-0.014,52.672,68.955,27.077,61.984,0,0
2025-08-06,-0.001,51.922,69.431,27.553,58.783,0,0
2025-08-07,0.0,52.716,70.013,27.553,60.582,0,0
2025-08-08,0.0,51.971,70.026,28.188,57.698,0,0
2025-08-11,-0.003,53.131,72.249,28.254,58.889,0,0
2025-08-12,0.0,48.607,62.54,28.016,55.265,0,0
2025-08-13,0.0,39.863,38.968,27.315,53.307,0,0
2025-08-14,-0.001,39.925,41.706,26.984,51.085,0,0
2025-08-15,-0.005,42.13,47.884,27.13,51.376,0,0
2025-08-18,-0.006,44.061,53.929,27.196,51.058,0,0
2025-08-19,-0.019,40.278,40.106,27.976,52.751,0,0
2025-08-20,-0.025,39.484,40.066,26.958,51.429,0,0
2025-08-21,-0.029,41.274,41.27,27.368,55.185,0,0
2025-08-22,-0.014,37.482,34.603,30.807,47.037,0,0
2025-08-25,-0.017,38.827,38.519,31.111,46.852,0,0
2025-08-26,-0.013,43.488,52.804,31.151,46.508,0,0
2025-08-27,-0.012,36.759,36.931,31.045,42.302,0,0
2025-08-28,-0.006,41.23,51.561,30.78,41.349,0,0
2025-08-29,-0.017,31.565,37.368,18.995,38.333,0,0
2025-09-02,-0.025,37.901,57.844,16.362,39.497,0,0
2025-09-03,-0.018,37.35,58.029,16.085,37.937,0,0
2025-09-04,-0.009,33.757,52.765,16.23,32.275,0,0
2025-09-05,-0.007,36.367,55.952,16.534,36.614,0,0
2025-09-08,-0.003,36.795,57.804,15.542,37.037,0,0
2025-09-09,0.0,35.154,56.786,15.37,33.307,0,0
2025-09-10,0.0,37.094,63.333,14.008,33.942,0,0
2025-09-11,0.0,27.275,37.5,14.96,29.365,0,0
2025-09-12,0.0,34.145,57.632,15.013,29.788,0,0
2025-09-15,0.0,36.865,65.079,15.093,30.423,0,0
2025-09-16,-0.001,36.508,62.526,15.225,31.772,0,0
2025-09-17,-0.003,35.216,61.799,14.511,29.339,0,0
2025-09-18,0.0,34.7,63.029,14.22,26.852,0,0
2025-09-19,0.0,33.823,64.603,13.929,22.937,0,0
2025-09-22,0.0,33.179,64.841,12.87,21.825,0,0
2025-09-23,-0.007,33.902,64.921,13.056,23.73,0,0
2025-09-24,-0.01,34.048,63.664,13.214,25.265,0,0
2025-09-25,-0.014,35.331,69.074,13.399,23.519,0,0
2025-09-26,-0.01,30.265,55.291,14.55,20.952,0,0
2025-09-29,-0.006,26.962,46.521,14.259,20.106,0,0
2025-09-30,-0.003,24.277,40.185,13.439,19.206,0,0
2025-10-01,0.0,31.645,62.288,13.36,19.286,0,0
2025-10-02,0.0,31.349,62.646,13.28,18.122,0,0
2025-10-03,-0.004,28.505,53.796,13.307,18.413,0,0
2025-10-06,0.0,31.618,63.929,13.36,17.566,0,0
2025-10-07,-0.005,30.547,59.577,13.492,18.571,0,0
2025-10-08,0.0,29.396,57.897,13.571,16.72,0,0
2025-10-09,-0.001,32.809,66.997,13.757,17.672,0,0
2025-10-10,-0.036,45.542,75.251,35.926,25.45,0,0
2025-10-13,-0.015,42.778,68.28,38.545,21.508,0,0
2025-10-14,-0.022,39.145,56.772,38.571,22.09,0,0
2025-10-15,-0.015,41.922,66.243,38.783,20.741,0,0
2025-10-16,-0.019,44.951,72.156,39.127,23.571,0,0
2025-10-17,-0.012,38.818,55.238,39.312,21.905,0,0
2025-10-20,0.0,37.87,55.04,40.0,18.571,0,0
2025-10-21,-0.0,32.09,37.804,39.735,18.73,0,0
2025-10-22,-0.01,36.667,49.101,39.894,21.005,0,0
2025-10-23,-0.002,36.896,50.688,39.894,20.106,0,0
2025-10-24,0.0,39.043,56.495,43.571,17.063,0,0
2025-10-27,0.0,36.852,53.796,44.114,12.646,0,0
2025-10-28,0.0,40.877,66.429,44.061,12.143,0,0
2025-10-29,0.0,44.105,75.952,44.061,12.302,0,0
2025-10-30,-0.015,47.826,74.775,52.619,16.085,0,0
2025-10-31,-0.011,47.884,73.069,52.725,17.857,0,0
2025-11-03,-0.006,49.101,76.508,52.672,18.122,0,0
2025-11-04,-0.026,51.799,73.889,57.698,23.81,0,0
2025-11-05,-0.02,51.671,74.325,57.619,23.069,0,0
2025-11-06,-0.038,57.152,79.233,62.196,30.026,0,0
2025-11-07,-0.041,47.919,63.294,50.833,29.63,0,0
2025-11-10,-0.02,48.047,71.984,50.913,21.243,0,0
2025-11-11,-0.022,43.272,61.865,50.913,17.037,0,0
2025-11-12,-0.023,43.166,61.944,50.754,16.799,0,0
2025-11-13,-0.043,49.612,68.201,57.169,23.466,0,0
2025-11-14,-0.042,51.543,69.378,57.024,28.228,0,0
2025-11-17,-0.051,55.247,77.46,56.905,31.376,0,0
2025-11-18,-0.062,56.614,76.839,57.421,35.582,0,0
2025-11-19,-0.056,56.927,79.193,57.434,34.153,0,0
2025-11-20,-0.079,61.909,82.407,62.368,40.952,0,0
2025-11-21,-0.072,51.045,51.905,62.738,38.492,0,0
2025-11-24,-0.048,56.614,70.251,66.23,33.36,0,0
2025-11-25,-0.042,47.782,46.561,68.743,28.042,0,0
2025-11-26,-0.034,48.519,49.881,69.114,26.561,0,0
2025-11-28,-0.026,43.88,43.677,63.677,24.286,0,0
2025-12-01,-0.029,47.138,50.013,63.73,27.672,0,0
2025-12-02,-0.022,46.975,50.608,63.73,26.587,0,0
2025-12-03,-0.019,43.585,48.082,56.852,25.82,0,0
2025-12-04,-0.02,47.024,62.341,55.661,23.069,0,0
2025-12-05,-0.016,45.556,63.942,48.36,24.365,0,0
2025-12-08,-0.018,46.358,66.111,48.519,24.444,0,0
2025-12-09,-0.017,45.498,65.093,46.111,25.291,0,0
2025-12-10,-0.013,42.399,59.18,46.693,21.323,0,0
2025-12-11,-0.016,36.433,42.672,43.717,22.91,0,0
2025-12-12,-0.035,42.165,53.333,41.786,31.376,0,0
2025-12-15,-0.04,43.104,54.775,41.944,32.593,0,0
2025-12-16,-0.038,44.017,56.958,39.987,35.106,0,0
2025-12-17,-0.056,43.188,43.571,45.463,40.529,0,0
2025-12-18,-0.042,44.118,47.103,46.151,39.101,0,0
2025-12-19,-0.029,44.052,58.862,37.579,35.714,0,0
2025-12-22,-0.025,39.18,50.357,33.69,33.492,0,0
2025-12-23,-0.02,39.361,55.317,29.881,32.884,0,0
2025-12-24,-0.017,34.383,44.616,28.161,30.37,0,0
2025-12-26,-0.017,34.458,44.974,27.553,30.847,0,0
2025-12-29,-0.022,35.278,44.074,27.474,34.286,0,0
2025-12-30,-0.024,34.25,39.802,27.183,35.767,0,0
2025-12-31,-0.033,36.997,43.836,28.214,38.942,0,0
2026-01-02,-0.034,42.84,61.574,28.082,38.862,0,0
2026-01-05,-0.027,39.264,53.175,28.823,35.794,0,0
2026-01-06,-0.018,37.244,48.968,29.299,33.466,0,0
2026-01-07,-0.017,42.945,62.474,29.325,37.037,0,0
2026-01-08,-0.023,38.519,48.743,29.246,37.566,0,0
2026-01-09,-0.013,37.571,48.73,29.246,34.735,0,0
2026-01-12,-0.012,35.75,43.69,29.14,34.418,0,0
2026-01-13,-0.014,37.932,55.939,20.159,37.698,0,0
2026-01-14,-0.024,38.034,52.791,20.516,40.794,0,0
2026-01-15,-0.021,36.975,49.63,20.423,40.873,0,0
2026-01-16,-0.022,35.741,53.889,11.693,41.64,0,0
2026-01-20,-0.042,46.058,62.765,25.966,49.444,0,0
2026-01-21,-0.029,42.8,55.886,26.693,45.82,0,0
2026-01-22,-0.022,39.775,49.18,26.362,43.783,0,0
2026-01-23,-0.019,38.84,48.77,26.243,41.508,0,0
2026-01-26,-0.015,37.584,42.791,26.839,43.122,0,0
2026-01-27,-0.006,42.593,59.114,28.135,40.529,0,0
2026-01-28,-0.003,43.893,60.159,28.558,42.963,0,0
2026-01-29,-0.009,44.965,61.693,28.995,44.206,0,0
2026-01-30,-0.021,44.982,59.431,28.373,47.143,0,0
2026-02-02,-0.014,45.481,62.738,28.624,45.079,0,0
2026-02-03,-0.029,49.034,67.553,29.206,50.344,0,0
2026-02-04,-0.046,46.138,56.614,29.048,52.751,0,0
2026-02-05,-0.06,53.624,65.569,38.135,57.169,0,0
2026-02-06,-0.04,51.235,58.823,43.373,51.508,0,0
2026-02-09,-0.032,53.131,61.72,47.434,50.238,0,0
2026-02-10,-0.037,52.72,57.659,49.259,51.243,0,0
2026-02-11,-0.034,54.555,63.042,49.246,51.376,0,0
2026-02-12,-0.054,59.956,67.751,56.138,55.979,0,0
2026-02-13,-0.052,56.9,56.204,56.085,58.413,0,0
2026-02-17,-0.053,58.902,62.791,56.111,57.804,0,0
2026-02-18,-0.046,51.966,50.847,47.54,57.513,0,0
2026-02-19,-0.05,54.475,58.783,45.463,59.18,0,0
2026-02-20,-0.041,53.43,53.757,48.228,58.307,0,0
2026-02-23,-0.053,60.635,66.667,54.656,60.582,0,0
2026-02-24,-0.043,58.333,61.085,56.058,57.857,0,0
2026-02-25,-0.029,55.397,53.148,56.587,56.455,0,0
2026-02-26,-0.04,51.019,36.521,56.958,59.577,0,0
2026-02-27,-0.044,56.706,52.315,57.116,60.688,0,0
2026-03-02,-0.042,51.49,36.481,57.037,60.952,0,0
2026-03-03,-0.053,56.786,45.714,60.728,63.915,0,0
2026-03-04,-0.038,56.116,45.026,60.728,62.593,0,0
2026-03-05,-0.041,56.631,43.717,60.833,65.344,0,0
2026-03-06,-0.055,64.802,65.608,61.045,67.751,0,0
2026-03-09,-0.043,63.034,65.225,56.971,66.905,0,0
2026-03-10,-0.043,65.291,72.063,56.455,67.354,0,0
2026-03-11,-0.043,67.354,77.95,56.468,67.646,0,0
2026-03-12,-0.059,72.698,83.082,64.431,70.582,0,0
2026-03-13,-0.065,69.802,79.352,57.646,72.407,0,0
2026-03-16,-0.054,67.769,71.944,60.304,71.058,0,0
2026-03-17,-0.05,65.582,66.402,60.397,69.947,0,0
2026-03-18,-0.063,73.377,81.878,65.45,72.804,0,0
2026-03-19,-0.066,73.933,83.439,65.423,72.937,0,0
2026-03-20,-0.083,77.134,86.323,69.048,76.032,1,0
2026-03-23,-0.073,73.197,77.646,67.288,74.656,0,0
2026-03-24,-0.079,75.04,82.989,66.204,75.926,0,0
2026-03-25,-0.073,75.101,82.169,67.791,75.344,0,0
2026-03-26,-0.095,78.818,81.944,75.489,79.021,0,0
2026-03-27,-0.113,83.479,88.73,80.913,80.794,0,0
2026-03-30,-0.12,81.993,83.585,80.728,81.667,0,0
2026-03-31,-0.09,76.587,65.569,85.833,78.36,0,0
2026-04-01,-0.079,80.653,77.553,86.415,77.989,0,0
2026-04-02,-0.078,79.718,74.802,86.362,77.989,0,0
2026-04-06,-0.072,75.414,67.857,83.624,74.762,0,0
2026-04-07,-0.072,79.484,78.294,83.28,76.878,0,0
2026-04-08,-0.044,75.243,68.161,85.026,72.54,0,0
2026-04-09,-0.038,76.089,73.016,83.161,72.09,0,0
2026-04-10,-0.036,76.698,79.061,79.127,71.905,0,0
2026-04-13,-0.026,70.101,60.714,79.114,70.476,0,0
2026-04-14,-0.009,64.519,47.235,77.354,68.968,0,0
2026-04-15,0.0,65.159,51.548,76.733,67.196,0,0
2026-04-16,0.0,62.897,51.614,71.574,65.503,0,0
2026-04-17,0.0,58.179,41.64,70.304,62.593,0,0
2026-04-20,-0.003,58.272,45.251,64.854,64.709,0,0
2026-04-21,-0.007,64.272,59.788,65.119,67.91,0,0
2026-04-22,0.0,62.61,57.13,64.96,65.741,0,0
2026-04-23,-0.006,65.873,65.357,65.172,67.09,0,0
2026-04-24,0.0,62.906,69.22,56.376,63.122,0,0
2026-04-27,0.0,59.877,71.138,45.635,62.857,0,0
2026-04-28,-0.01,61.799,74.061,46.071,65.265,0,0
2026-04-29,-0.004,60.088,77.672,39.021,63.571,0,0
2026-04-30,0.0,55.891,69.643,37.923,60.106,0,0
2026-05-01,0.0,56.133,73.161,37.725,57.513,0,0
2026-05-04,-0.002,58.646,77.937,38.929,59.074,0,0
2026-05-05,0.0,57.16,74.233,38.81,58.439,0,0
2026-05-06,0.0,53.047,73.439,32.632,53.069,0,0
2026-05-07,-0.001,52.028,68.016,33.28,54.788,0,0
2026-05-08,0.0,53.1,77.857,33.241,48.201,0,0
2026-05-11,0.0,53.333,80.212,32.778,47.011,0,0
2026-05-12,-0.008,51.667,77.738,31.389,45.873,0,0
2026-05-13,0.0,51.177,80.648,31.085,41.799,0,0
2026-05-14,0.0,48.999,77.619,31.495,37.884,0,0
2026-05-15,-0.015,54.974,82.169,41.138,41.614,0,0
2026-05-18,-0.019,51.468,69.669,40.873,43.862,0,0
2026-05-19,-0.025,56.287,78.479,40.966,49.418,0,0
2026-05-20,-0.009,45.613,50.198,41.005,45.635,0,0
2026-05-21,-0.007,47.72,57.434,39.669,46.058,0,0
2026-05-22,-0.003,43.479,46.415,39.18,44.841,0,0
2026-05-26,0.0,45.767,57.685,39.431,40.185,0,0
2026-05-27,-0.001,48.166,67.037,36.772,40.688,0,0
2026-05-28,0.0,46.332,66.19,34.259,38.545,0,0
2026-05-29,0.0,45.723,68.624,31.032,37.513,0,0
2026-06-01,0.0,46.468,71.772,31.045,36.587,0,0
2026-06-02,0.0,46.623,74.286,30.37,35.212,0,0
2026-06-03,-0.003,48.166,74.696,31.495,38.307,0,0
2026-06-04,-0.007,43.951,65.45,28.677,37.725,0,0
2026-06-05,-0.055,54.078,63.505,47.566,51.164,0,0
2026-06-08,-0.04,54.568,68.439,46.772,48.492,0,0
2026-06-09,-0.051,50.798,56.415,46.852,49.127,0,0
2026-06-10,-0.07,59.731,70.529,54.14,54.524,0,0
2026-06-11,-0.039,56.001,65.503,56.892,45.608,0,0
2026-06-12,-0.033,53.942,60.489,56.653,44.683,0,0
2026-06-15,-0.003,49.087,56.772,53.347,37.143,0,0
2026-06-16,-0.022,50.26,55.979,53.69,41.111,0,0
2026-06-17,-0.032,59.634,73.307,58.532,47.063,0,0
2026-06-18,-0.007,58.214,73.042,58.532,43.069,0,0
2026-06-22,-0.01,59.502,75.979,58.558,43.968,0,0
2026-06-23,-0.043,60.207,67.738,63.651,49.233,0,0
2026-06-24,-0.047,58.395,62.725,63.28,49.18,0,0
2026-06-25,-0.039,60.353,70.608,63.307,47.143,0,0
2026-06-26,-0.052,55.851,54.378,63.175,50.0,0,0
2026-06-29,-0.029,59.303,68.175,65.212,44.524,0,0
2026-06-30,-0.012,59.039,69.392,65.529,42.196,0,0
2026-07-01,-0.027,53.474,52.751,65.476,42.196,0,0
2026-07-02,-0.044,49.255,39.934,65.212,42.619,0,0
2026-07-06,-0.03,52.76,51.931,66.323,40.026,0,0
2026-07-07,-0.048,47.275,40.529,59.074,42.222,0,0
2026-07-08,-0.045,49.872,47.209,59.18,43.228,0,0
2026-07-09,-0.03,47.562,44.907,59.286,38.492,0,0
2026-07-10,-0.027,42.368,40.807,49.524,36.772,0,0
2026-07-13,-0.045,45.018,46.931,47.725,40.397,0,0
2026-07-14,-0.034,46.133,56.548,47.513,34.339,0,0
2026-07-15,-0.037,44.524,54.418,44.101,35.053,0,0
2026-07-16,-0.053,40.516,38.955,44.021,38.571,0,0
2026-07-17,-0.067,43.884,51.27,36.944,43.439,0,0
2026-07-20,-0.066,47.557,62.354,34.788,45.529,0,0
2026-07-21,-0.049,46.944,62.011,36.124,42.698,0,0
2026-07-22,-0.054,43.17,60.595,25.238,43.677,0,0
2026-07-23,-0.072,49.916,66.362,34.868,48.519,0,0
2026-07-24,-0.082,47.601,60.04,34.828,47.937,0,0
2026-07-27,-0.085,42.152,43.73,33.651,49.074,0,0
2026-07-28,-0.094,36.698,33.677,29.034,47.381,0,0
2026-07-29,-0.112,46.054,47.765,38.492,51.905,0,0
2026-07-30,-0.083,45.886,49.669,43.862,44.127,0,0
2026-07-31,-0.077,45.45,47.116,44.233,45.0,0,0
2026-08-03,-0.061,39.696,33.664,45.979,39.444,0,0
2026-08-04,-0.029,40.331,42.183,49.021,29.788,0,0
2026-08-05,-0.038,42.747,48.188,48.915,31.138,0,0
2026-08-06,-0.041,41.345,46.019,48.333,29.683,0,0
2026-08-07,-0.03,34.365,29.048,47.09,26.958,0,0
2026-08-10,-0.033,37.235,37.791,46.085,27.831,0,0
2026-08-11,-0.036,36.772,33.095,46.323,30.899,0,0
2026-08-12,-0.029,38.219,41.151,44.034,29.471,0,0
2026-08-13,-0.018,33.589,30.04,43.717,27.011,0,0
2026-08-14,-0.019,32.813,30.172,41.31,26.958,0,0
2026-08-17,-0.021,37.103,38.466,41.706,31.138,0,0
2026-08-18,-0.037,41.759,47.249,41.997,36.032,0,0
2026-08-19,-0.039,34.295,26.759,41.892,34.233,0,0
2026-08-20,-0.046,37.416,40.886,34.22,37.143,0,0
2026-08-21,-0.043,37.712,43.505,34.259,35.37,0,0
2026-08-24,-0.052,37.615,42.95,34.524,35.37,0,0
2026-08-25,-0.046,36.217,39.048,34.524,35.079,0,0
2026-08-26,-0.046,32.068,38.175,23.479,34.55,0,0
2026-08-27,-0.033,34.321,52.712,20.463,29.788,0,0
2026-08-28,-0.039,29.25,35.331,20.331,32.09,0,0
2026-08-31,-0.038,36.23,58.228,17.077,33.386,0,0
2026-09-01,-0.051,37.712,62.831,13.638,36.667,0,0
2026-09-02,-0.048,34.956,58.796,13.955,32.116,0,0
2026-09-03,-0.037,27.231,39.881,14.802,27.011,0,0
2026-09-04,-0.035,32.919,54.431,14.696,29.63,0,0
2026-09-08,-0.036,37.963,65.78,14.96,33.148,0,0
2026-09-09,-0.039,41.019,75.053,15.066,32.937,0,0
2026-09-10,-0.049,42.853,77.487,15.331,35.741,0,0
2026-09-11,-0.041,39.705,71.852,15.701,31.561,0,0
2026-09-14,-0.049,40.282,69.96,16.415,34.471,0,0
2026-09-15,-0.055,43.404,77.87,16.362,35.979,0,0
2026-09-16,-0.054,44.859,79.828,16.019,38.73,0,0
2026-09-17,-0.038,43.139,77.474,18.532,33.413,0,0
2026-09-18,-0.032,43.558,80.767,17.156,32.751,0,0
2026-09-21,-0.005,42.725,79.008,21.495,27.672,0,0
2026-09-22,0.0,43.161,80.503,20.013,28.968,0,0
