signal,sched,band,abs,full,full_mdd,turn,sw,A 2004-03~2009-12,B 2010-01~2016-09,C 2016-09~2023-09,D 2023-09~2026-09
ret:21,D,0.0,1,0.08288112004321246,-0.5005810208033896,35.94875606796116,35.904429611650485,-0.06039064518923354,0.060555131855616784,0.07606885414135633,0.5106602254523007
ret:21,D,0.0,0,0.1023508103300017,-0.6687571102934202,23.626001213592232,23.58167475728155,-0.09440456725289093,0.0898617040423706,0.13213459554799734,0.5518869551417205
ret:21,D,0.02,1,0.09896996801305957,-0.45640432947342746,26.817506067961162,26.773179611650484,-0.025986519377039552,0.06616610605789863,0.08428581899579046,0.5279652172185523
ret:21,D,0.02,0,0.12396066569251785,-0.6171168672222198,8.99827063106796,8.95394417475728,-0.03467768980105723,0.09931101516582141,0.15033152519462734,0.4988613831553712
ret:21,D,0.05,1,0.10698153623313611,-0.42329309581691865,25.443385922330094,25.399059466019416,0.001704220646203014,0.05438681828092351,0.09691985870565101,0.5249020742768493
ret:21,D,0.05,0,0.17047005677370297,-0.5494907098616901,3.1915048543689317,3.1915048543689317,-0.003947835125938326,0.14038626426821277,0.21087677812891892,0.563228788391388
ret:21,W,0.0,1,0.08031412716337671,-0.5316570393464011,20.25719053398058,20.212864077669902,-0.05661261075704027,0.05195645086422873,0.0870146158447842,0.4657475530431896
ret:21,W,0.0,0,0.1171376610607473,-0.6442129916640615,11.835163834951455,11.790837378640775,-0.08559763024656641,0.10204516401369079,0.15591871697037574,0.5642792951732172
ret:21,W,0.02,1,0.08549662713686335,-0.4766450289986708,17.242991504854366,17.19866504854369,-0.019555092378965133,0.03316874415728144,0.09877373503007747,0.4315218454338716
ret:21,W,0.02,0,0.13331628543695806,-0.6145405173862355,6.870600728155339,6.826274271844659,-0.026517454801524343,0.08531252205169704,0.16544993870577018,0.5666496083951846
ret:21,W,0.05,1,0.09835467350961413,-0.43814628348650775,16.17915655339806,16.134830097087377,-0.01307958395766562,0.05828982240244307,0.1287121338918713,0.37426917233283974
ret:21,W,0.05,0,0.16149773823151592,-0.5735949901846797,2.482281553398058,2.4379550970873787,0.006765059606754109,0.16189385448538762,0.1670179448191378,0.5109427587261892
ret:21,M,0.0,1,0.1341846476275046,-0.4615988965254494,9.884799757281552,9.840473300970872,0.01106366972595385,0.09220519797063842,0.13909348395526466,0.5222704737000605
ret:21,M,0.0,0,0.1463767158193503,-0.5872587384339498,5.851092233009708,5.806765776699029,-0.026663066539298508,0.12419000716640416,0.15516638766310686,0.6114679704087393
ret:21,M,0.02,1,0.12110570580448399,-0.4615988965254487,9.08692354368932,9.04259708737864,0.02051262023083056,0.06720093893186352,0.13005216049824364,0.47022959043441315
ret:21,M,0.02,0,0.14635352517050748,-0.6346757123088618,3.9007281553398054,3.856401699029126,-0.018597121352284862,0.12634504311102868,0.1482496899652772,0.6018219571686068
ret:21,M,0.05,1,0.11226547489288974,-0.431233524231343,8.244720873786408,8.244720873786408,0.012264241493146422,0.08354175642146622,0.14118149745521502,0.32962401884574755
ret:21,M,0.05,0,0.16961767442538322,-0.5340401060644222,1.3741201456310679,1.3297936893203883,0.04456056056896407,0.12577826775730183,0.17137021470963143,0.577057361793242
ret:42,D,0.0,1,0.0766632121081654,-0.476217983609882,28.546237864077668,28.50191140776699,-0.03756585604893814,0.022317819791634053,0.14197766859465233,0.3050828769824645
ret:42,D,0.0,0,0.10291329122900938,-0.6572726734876104,20.035558252427183,19.991231796116505,-0.0739367394530297,0.0612874457793684,0.15529632910346036,0.5101076615933824
ret:42,D,0.02,1,0.09783943400630335,-0.3444974976052674,19.41498786407767,19.37066140776699,-0.005976854330151271,0.041929296244547,0.16266763054506828,0.3040028201735594
ret:42,D,0.02,0,0.13686200086235067,-0.5796876757833045,6.028398058252427,5.984071601941747,-0.01965555014601561,0.08850277318738398,0.1849476495675888,0.5120919198548852
ret:42,D,0.05,1,0.10799161155841341,-0.330355755611921,18.129520631067958,18.08519417475728,0.0012151761967813535,0.08840611024389866,0.14593331164341516,0.2925334746786543
ret:42,D,0.05,0,0.16138298246411198,-0.5864174668047009,2.570934466019417,2.526608009708738,-0.025565994341895548,0.15605752059088474,0.1888371929639765,0.5574704333976506
ret:42,W,0.0,1,0.10245837275746639,-0.40173212775540934,14.58340412621359,14.53907766990291,-0.03400338715231932,0.043380780001708974,0.2185257702463148,0.2713224327995394
ret:42,W,0.0,0,0.137487717891986,-0.5814630237777858,8.333373786407767,8.289047330097087,-0.0277965439119916,0.10401164173995414,0.18724003400244227,0.4882811828761784
ret:42,W,0.02,1,0.10428529921471408,-0.41800951131338626,12.145449029126214,12.101122572815534,-0.02673026926121702,0.04163155106523808,0.2180386313886702,0.2745787817942469
ret:42,W,0.02,0,0.1312893797805561,-0.5884684433840996,4.875910194174757,4.831583737864078,-0.03937243983096006,0.09599492716764835,0.18509861297257957,0.49239171720289754
ret:42,W,0.05,1,0.13459729561781564,-0.3651922233262014,10.948634708737863,10.904308252427183,-0.012984281454394897,0.07471480565171795,0.262769805202147,0.30308355983920365
ret:42,W,0.05,0,0.1791318305103906,-0.581305810985143,1.9946905339805825,1.9503640776699027,0.004944857256773405,0.15965674536310703,0.20285120297411208,0.5885892583832733
ret:42,M,0.0,1,0.14725683777836363,-0.3561218952941744,6.604641990291261,6.560315533980582,0.019364178583652025,0.11720901912773662,0.2016799341907034,0.3710824681145173
ret:42,M,0.0,0,0.1655680051670807,-0.5873769799721724,3.9007281553398054,3.856401699029126,-0.024372529627369688,0.15867369046335322,0.2164927025975547,0.5062891568075454
ret:42,M,0.02,1,0.15531779267908896,-0.3344971802778134,5.762439320388349,5.7181128640776695,0.027125413440373336,0.12699268063207358,0.1974336273231554,0.4080453771595829
ret:42,M,0.02,0,0.16479118921103852,-0.5580510473019833,2.6595873786407767,2.615260922330097,-0.012847851642164954,0.1627119824632275,0.18445251655298778,0.5468970927949515
ret:42,M,0.05,1,0.1599421487139463,-0.3758410743528042,5.407827669902912,5.363501213592232,0.03056514766566587,0.14183508774506537,0.1802205886458632,0.4479819697672984
ret:42,M,0.05,0,0.15969644084317092,-0.5340401060644222,1.462773058252427,1.4184466019417474,0.021618481229199515,0.10730193758338924,0.19103479411884972,0.542039260681882
ret:63,D,0.0,1,0.08857165079555052,-0.4403700927283306,19.769599514563104,19.725273058252426,-0.010222081143887896,0.027175368361191943,0.1034374427520992,0.43897771590759316
ret:63,D,0.0,0,0.14147159033747436,-0.5905067988909533,15.203974514563106,15.159648058252426,-0.03982530925452232,0.12230519688123098,0.17018289381989504,0.5605224020380086
ret:63,D,0.02,1,0.0989642183552184,-0.4403700927283326,12.633040048543688,12.58871359223301,0.0019743509972169893,0.04103611909781235,0.1121093436932179,0.43799752051018115
ret:63,D,0.02,0,0.1612482374254176,-0.5612922566084193,4.565625,4.52129854368932,0.008911033878732377,0.14720533348402443,0.16290205349083764,0.5577730251739537
ret:63,D,0.05,1,0.09027086298963982,-0.4403700927283315,11.39189927184466,11.34757281553398,0.014744726991597457,0.02875141972711326,0.1033304962733057,0.38285420381908675
ret:63,D,0.05,0,0.14946879555182613,-0.569755767438167,2.349302184466019,2.30497572815534,0.01983856954904839,0.10548218857683289,0.16957911230516665,0.5151229724969371
ret:63,W,0.0,1,0.10699300515592625,-0.41044769471358045,11.25891990291262,11.21459344660194,0.007895321582114256,0.0712907675419796,0.0908446633643043,0.47444208444653846
ret:63,W,0.0,0,0.14952198768329605,-0.579728629569256,7.579824029126213,7.535497572815533,-0.002935676459337455,0.16207545652538835,0.12641244021621167,0.5457895014499687
ret:63,W,0.02,1,0.11714141943990675,-0.41044769471358034,8.333373786407767,8.289047330097087,0.0029154265034796456,0.05596001869523093,0.13965755959603054,0.48676897853512946
ret:63,W,0.02,0,0.16342830116353313,-0.5500737330262745,3.4131371359223297,3.3688106796116504,0.0021070059302981115,0.15118351965719534,0.17236197487854188,0.5587128869587183
ret:63,W,0.05,1,0.11104188075119725,-0.40902342482161846,7.89010922330097,7.845782766990291,0.033359881408774106,0.046659132004482906,0.11750360973562701,0.43770969888979283
ret:63,W,0.05,0,0.1549544130235081,-0.5610533345745786,2.083343446601942,2.039016990291262,0.0229316642981241,0.12235475139495033,0.1652551843213781,0.5220882312625275
ret:63,M,0.0,1,0.1322265769948603,-0.41536135584776124,5.585133495145631,5.540807038834951,0.008095003264841694,0.09829112535058293,0.13472736624748505,0.5061653593464381
ret:63,M,0.0,0,0.1602316413392464,-0.5514139900608575,3.5904429611650484,3.5461165048543686,-0.02292058383137119,0.17997986566567303,0.15567229870249388,0.5691600862571795
ret:63,M,0.02,1,0.13250964804383525,-0.41536135584776124,4.60995145631068,4.565625,0.02948773859796394,0.08392608887716713,0.14372335884821985,0.465502389905156
ret:63,M,0.02,0,0.17813818227273304,-0.5340401060644222,1.9946905339805825,1.9503640776699027,0.02639313077409211,0.16465035149310592,0.19435198129223608,0.5264910037160859
ret:63,M,0.05,1,0.12828808012757364,-0.41536135584776146,4.2110133495145625,4.166686893203884,0.021269326149525813,0.09358181336366167,0.12914073941945237,0.46191742615288733
ret:63,M,0.05,0,0.16112371641876222,-0.5340401060644215,1.4184466019417474,1.3741201456310679,0.011032642461310083,0.1446021997183582,0.17953677740377083,0.5082590364577437
ret:84,D,0.0,1,0.12072203345265264,-0.308898565757198,17.553276699029126,17.508950242718445,0.019410712658471052,0.07023774693890195,0.13241905466515447,0.4535872218393697
ret:84,D,0.0,0,0.14712193101313042,-0.5399754116401265,12.189775485436892,12.145449029126214,-0.017465584929170164,0.141000147176646,0.14099947426588355,0.5834202314274306
ret:84,D,0.02,1,0.1328586275975998,-0.29008719334260247,12.012469660194174,11.968143203883495,0.04813503624119653,0.06171293417838797,0.14799658423335127,0.472337268069021
ret:84,D,0.02,0,0.16123000030624546,-0.530833397248302,4.122360436893204,4.078033980582524,0.006741219293938672,0.12490852296829624,0.16989811330899673,0.6119994333511034
ret:84,D,0.05,1,0.14079504494199524,-0.290087193342603,10.992961165048543,10.948634708737863,0.0795927791600417,0.07528132102340268,0.13723712177500924,0.4561780736637502
ret:84,D,0.05,0,0.1634459338900871,-0.5395272477736688,2.039016990291262,1.9946905339805825,0.03161038572802721,0.1503500976083958,0.15204822993585299,0.5381243763313703
ret:84,W,0.0,1,0.10941103578619216,-0.37597635506853777,10.106432038834951,10.062105582524271,0.031407212531076256,0.032377194122873876,0.11821662585153381,0.4696114359188015
ret:84,W,0.0,0,0.16011167487681988,-0.5237281001763214,5.895418689320388,5.851092233009708,-0.0001612366771057694,0.1439634156398848,0.16578642253544862,0.5748549902893503
ret:84,W,0.02,1,0.11132787753277018,-0.37597635506853755,8.200394417475728,8.156067961165048,0.05493787759371327,0.024161954954461384,0.10913482335258151,0.47903399912902556
ret:84,W,0.02,0,0.15973333101009102,-0.5371426441327616,3.2358313106796115,3.1915048543689317,0.020414928898353946,0.12488530491422911,0.15996577403144663,0.5869634574806175
ret:84,W,0.05,1,0.12151216280594235,-0.375976355068536,7.579824029126213,7.535497572815533,0.07078993554785362,0.02880085279630773,0.1374633291557279,0.43643447260132495
ret:84,W,0.05,0,0.1610172246669681,-0.5752022529700982,1.7730582524271843,1.7287317961165047,0.019958047120126388,0.1341970198617286,0.17747541231071562,0.5185088140871115
ret:84,M,0.0,1,0.15374869937550617,-0.3564548238642632,5.186195388349514,5.141868932038834,0.05819884055710167,0.1047647463797321,0.15799921546926288,0.4870400399402286
ret:84,M,0.0,0,0.1743919146691475,-0.5539627967114392,2.703913834951456,2.6595873786407767,0.014246220571016766,0.16752707490389707,0.17686271079344418,0.5699543088933279
ret:84,M,0.02,1,0.1681446565489284,-0.3564548238642642,4.47697208737864,4.4326456310679605,0.0746067707514173,0.0958976428473417,0.1991202129774039,0.4870400399402286
ret:84,M,0.02,0,0.1806298073767576,-0.5539627967114387,1.9060376213592232,1.8617111650485436,0.022235718147811223,0.1589493820924519,0.19778852534995006,0.5699543088933279
ret:84,M,0.05,1,0.16013024716422763,-0.3564548238642631,4.122360436893204,4.078033980582524,0.07017867496526109,0.0844011345402711,0.19049169043269387,0.48221970254053215
ret:84,M,0.05,0,0.160459657763381,-0.5340401060644223,1.3741201456310679,1.3297936893203883,0.03708085407473671,0.09307921422262377,0.1922456979245144,0.5456674659316045
ret:126,D,0.0,1,0.11548689680271629,-0.4740328992722217,14.228792475728154,14.184466019417474,0.005612948320516731,0.05898835404148439,0.13053422441709595,0.4807729464756678
ret:126,D,0.0,0,0.15228305548540066,-0.5525961243822679,9.441535194174756,9.397208737864077,-0.016453776883497584,0.12114222400053021,0.20225305123187454,0.5044156747669806
ret:126,D,0.02,1,0.12834372648511505,-0.47403289927222036,9.929126213592232,9.884799757281552,0.015244723811312477,0.0671515458147367,0.13135911011795032,0.5546839859035588
ret:126,D,0.02,0,0.17097435375777015,-0.5540824492829188,3.3244842233009706,3.280157766990291,-0.005402046983767339,0.14042870869269852,0.20861335869257092,0.5795068131608079
ret:126,D,0.05,1,0.12726953830368082,-0.47403289927222114,8.732311893203883,8.687985436893204,0.022387454546222818,0.05213017187940294,0.14821173026087742,0.5185821791635485
ret:126,D,0.05,0,0.17049784416173486,-0.5340401060644226,1.462773058252427,1.4184466019417474,0.011523400564862563,0.12893691637112492,0.21921668724554477,0.5274155042021897
ret:126,W,0.0,1,0.1336223011779778,-0.3979942103895264,7.89010922330097,7.845782766990291,0.003741343346939985,0.06440351055906235,0.16918189998429578,0.5335845631345415
ret:126,W,0.0,0,0.1715714934353274,-0.5377943050720401,4.565625,4.52129854368932,0.002217161031206727,0.1414730754276996,0.20951043215503895,0.5563217932654441
ret:126,W,0.02,1,0.14239509898390224,-0.39799421038952687,5.984071601941747,5.9397451456310675,0.0161173140978228,0.07279810027222111,0.17652107088484037,0.5365420679552315
ret:126,W,0.02,0,0.17636220911360856,-0.5340401060644231,2.083343446601942,2.039016990291262,0.007336801668767157,0.14960257925892884,0.21103486862502296,0.5593231466415616
ret:126,W,0.05,1,0.12300713178137057,-0.3979942103895273,5.7181128640776695,5.67378640776699,0.004249177147083394,0.04317250858350685,0.1651528965229987,0.505477590389126
ret:126,W,0.05,0,0.16205991849898282,-0.5340401060644224,1.3741201456310679,1.3297936893203883,0.012084217945458331,0.12870279027709297,0.1853714620759792,0.5437660708702732
ret:126,M,0.0,1,0.15392915447258448,-0.38796945905661906,3.7234223300970872,3.6790958737864075,-0.005028326225336444,0.07663922097960407,0.23620171856746897,0.5258332909316619
ret:126,M,0.0,0,0.1737203398270979,-0.5340401060644219,1.9060376213592232,1.8617111650485436,0.013481399051355814,0.1416522622974894,0.20737666469901606,0.5498172255854203
ret:126,M,0.02,1,0.1373888802692047,-0.38796945905661984,3.6347694174757277,3.5904429611650484,-0.010890515412951163,0.06560036915959833,0.21568885361015244,0.47366053421057486
ret:126,M,0.02,0,0.16116476142020186,-0.5340401060644215,1.6400788834951454,1.5957524271844659,0.01138429256280471,0.1299468275446949,0.19768419055460185,0.49682438714548405
ret:126,M,0.05,1,0.1385824176315451,-0.39916148436778986,3.2358313106796115,3.1915048543689317,-0.010890515412951163,0.07083764762377553,0.20927997518164565,0.4880292227227816
ret:126,M,0.05,0,0.14916949460391948,-0.5340401060644215,1.1968143203883495,1.15248786407767,0.006980397289765072,0.09972173798946149,0.18846336950136222,0.5114189310564319
ret:189,D,0.0,1,0.08796936964127888,-0.45417743622381657,12.766019417475727,12.721692961165047,0.01440936848441221,-0.020218962039393884,0.10603811840447985,0.51165326050935
ret:189,D,0.0,0,0.1344605259124132,-0.5340401060644228,8.466353155339805,8.422026699029125,0.0015230864879436368,0.07150002280193335,0.16397769254960481,0.5418357890929559
ret:189,D,0.02,1,0.09834820741187911,-0.4326863181889359,8.244720873786408,8.200394417475728,0.0231452736523734,-0.0023341115528692225,0.11533682822811486,0.5035600254828441
ret:189,D,0.02,0,0.15369401460310517,-0.5340401060644222,2.615260922330097,2.570934466019417,0.021302054194832554,0.09105910484337487,0.19082845168617046,0.5335809599337855
ret:189,D,0.05,1,0.10077788286453093,-0.429162301062335,7.2252123786407765,7.180885922330097,0.021200309763554914,0.008739166491914974,0.10847009976224498,0.5193575183736698
ret:189,D,0.05,0,0.16501899993801872,-0.5340401060644224,1.1968143203883495,1.15248786407767,0.03428762863794477,0.103202324924486,0.19804628785038925,0.549693874550732
ret:189,W,0.0,1,0.11917937240021237,-0.36126801570559397,6.648968446601941,6.604641990291261,0.024581471865757765,0.04120375532389953,0.12959611111921832,0.5234542557998132
ret:189,W,0.0,0,0.1444219724311575,-0.5340401060644222,3.856401699029126,3.8120752427184463,0.005405690934879193,0.10805110667624929,0.15983871422920082,0.5285040562103722
ret:189,W,0.02,1,0.11913000379732219,-0.37852387592124404,5.407827669902912,5.363501213592232,0.02588044583627025,0.0216371985537811,0.14619653730771387,0.5321793101580254
ret:189,W,0.02,0,0.14963807190160905,-0.5340401060644238,1.9946905339805825,1.9503640776699027,0.017024387202024593,0.08722833805664454,0.18429674442566713,0.5372580315439988
ret:189,W,0.05,1,0.11988138672820292,-0.3728551768050279,4.831583737864078,4.787257281553398,0.017421729209602832,0.04363966643734529,0.1372766233886631,0.5200900556199555
ret:189,W,0.05,0,0.1535984950225988,-0.5340401060644224,1.1081614077669901,1.0638349514563106,0.014091306832746842,0.10579520896762595,0.18526910958606346,0.5251287047016251
ret:189,M,0.0,1,0.15826963530403027,-0.32936653757903944,3.3244842233009706,3.280157766990291,0.0520781343413963,0.08483123638026435,0.17728558488542934,0.5521295810114248
ret:189,M,0.0,0,0.16457118699828688,-0.5340401060644228,1.7287317961165047,1.6844053398058252,0.029069586603617914,0.12308603621843783,0.1782485120003019,0.5586438128693756
ret:189,M,0.02,1,0.15001667526778806,-0.3425380785562967,2.9698725728155337,2.925546116504854,0.038515047274418235,0.07800790465672303,0.18976493887711254,0.49279455347291257
ret:189,M,0.02,0,0.15327443457912637,-0.5340401060644218,1.2854672330097086,1.241140776699029,0.015635910264078623,0.1160220908578975,0.18097287365552983,0.4990597583608143
ret:189,M,0.05,1,0.1381701850334458,-0.3425380785562969,2.7925667475728155,2.7482402912621358,0.028584606919085598,0.07135673778239493,0.17617348534906552,0.4654351663938989
ret:189,M,0.05,0,0.14605607218782168,-0.5340401060644224,1.019508495145631,0.9751820388349514,0.005924243730134338,0.10913638145848892,0.1829235486221512,0.4715855449212287
ret:252,D,0.0,1,0.10214977953119875,-0.4168135056001434,10.106432038834951,10.062105582524271,-0.033056358253860774,0.09018558652479602,0.1134106055320745,0.4181623356409918
ret:252,D,0.0,0,0.11042166014287469,-0.5340401060644226,7.757129854368931,7.712803398058252,-0.023800344337193913,0.09945232801516957,0.10571232772533601,0.46852622180230297
ret:252,D,0.02,1,0.10730016303717482,-0.382806815056125,6.604641990291261,6.560315533980582,-0.03577087315365757,0.10699329572245508,0.10561588671036137,0.4505815995283926
ret:252,D,0.02,0,0.1269114368319617,-0.5340401060644232,2.703913834951456,2.6595873786407767,-0.0123455740956524,0.12466200300867958,0.11271263525836228,0.5020968067160949
ret:252,D,0.05,1,0.10929012600476229,-0.37922911738964726,5.540807038834951,5.4964805825242715,-0.03894283603626758,0.1136757113132787,0.11252882550515153,0.43884707893971875
ret:252,D,0.05,0,0.13570935358267833,-0.5340401060644231,1.3741201456310679,1.3297936893203883,-0.007196227462496374,0.1307069211003924,0.13413023931970303,0.48994555241208193
ret:252,W,0.0,1,0.11882715992347137,-0.3651479492744315,5.407827669902912,5.363501213592232,-0.03093334600050568,0.11153030295768729,0.12685391699217674,0.4718971094626263
ret:252,W,0.0,0,0.1319946483936283,-0.5340401060644215,3.4131371359223297,3.3688106796116504,-0.010224808886023617,0.13825247197277313,0.11812030921658612,0.4892820853033035
ret:252,W,0.02,1,0.11700631298495767,-0.3794629350315615,4.4326456310679605,4.388319174757282,-0.038973258459093385,0.11442023308190152,0.12237453081551086,0.4828606289707398
ret:252,W,0.02,0,0.12862644360042985,-0.5340401060644222,2.26064927184466,2.2163228155339803,-0.019747000850048435,0.13691057447383792,0.11410791336502002,0.5003750979129065
ret:252,W,0.05,1,0.12311770344319917,-0.36592838018088736,3.6347694174757277,3.5904429611650484,-0.032186384175204585,0.10222510080025793,0.15257842761704143,0.46821871984756736
ret:252,W,0.05,0,0.1367913101487923,-0.5340401060644213,1.2854672330097086,1.241140776699029,-0.009779641992154198,0.12446932974718239,0.14761922707554875,0.4855602492311666
ret:252,M,0.0,1,0.1345180380406794,-0.4509006625701708,2.26064927184466,2.2163228155339803,-0.017605084860148223,0.12614527629881134,0.14310707000574552,0.4948378899159642
ret:252,M,0.0,0,0.1384431930600476,-0.534040106064422,1.8173847087378638,1.7730582524271843,-0.015587925829186666,0.12771677302579088,0.1523849932810617,0.4948378899159642
ret:252,M,0.02,1,0.13755208661555307,-0.4509006625701708,1.8173847087378638,1.7730582524271843,-0.01961196708753521,0.1441252586144075,0.13750643849057864,0.4948378899159642
ret:252,M,0.02,0,0.14256381859612377,-0.534040106064422,1.2854672330097086,1.241140776699029,-0.012588680924311424,0.1457218457839391,0.14535956525833482,0.4948378899159642
ret:252,M,0.05,1,0.13638007756531434,-0.4509006625701715,1.6400788834951454,1.5957524271844659,-0.024444182054107033,0.14892911329942793,0.13468959700457983,0.49221897038699813
ret:252,M,0.05,0,0.15337153080259802,-0.5340401060644224,0.9308555825242718,0.8865291262135921,-0.009119901441907552,0.1505324040817826,0.17335853582214078,0.49221897038699813
skip:63,D,0.0,1,0.0606063541783568,-0.49701261196347535,28.36893203883495,28.32460558252427,-0.015209788049382333,0.023026984975553777,0.10307141852378643,0.20692093288093516
skip:63,D,0.0,0,0.1363069756909001,-0.568432070925805,20.07988470873786,20.035558252427183,-0.0034222425485415098,0.10023321501473648,0.17957591120292382,0.4406250136657839
skip:63,D,0.02,1,0.06624710979326354,-0.5083476124061319,19.23768203883495,19.19335558252427,-0.015561957074341826,0.03328652737111382,0.10972600862891113,0.21197374704104166
skip:63,D,0.02,0,0.15238546578279544,-0.586420102998342,6.072724514563107,6.028398058252427,0.016728280722875244,0.11784331784974089,0.1903027303382574,0.4544091461458768
skip:63,D,0.05,1,0.07575261132678568,-0.4544589153145523,17.952214805825243,17.90788834951456,-0.004987043185076034,0.07361400092780146,0.06906892690242716,0.2705121606029621
skip:63,D,0.05,0,0.1834337188917361,-0.5715670376955022,2.615260922330097,2.570934466019417,0.002382668569552271,0.18011309916472484,0.2095768562555489,0.5583155605313237
skip:63,W,0.0,1,0.08965331671095567,-0.47367370128010655,15.691565533980581,15.647239077669902,0.01175840168625264,0.0518214858613697,0.13113721490037689,0.24502418940308335
skip:63,W,0.0,0,0.14389331689588025,-0.566672872149617,9.352882281553397,9.308555825242717,0.018993612823662742,0.11799178547092715,0.16133249446171316,0.4503844106276813
skip:63,W,0.02,1,0.09599101985395553,-0.44119122409138367,12.278428398058251,12.234101941747571,0.016750709853477375,0.059061083789074154,0.12187939018351601,0.2930123103810911
skip:63,W,0.02,0,0.16562663925727583,-0.5704595417640322,4.388319174757282,4.343992718446602,0.02330311673395724,0.14328569158346705,0.18178032137526845,0.5132607371485745
skip:63,W,0.05,1,0.11224851480962061,-0.3996926262138629,11.835163834951455,11.790837378640775,0.024319951717058697,0.07470841873543366,0.1511198510645193,0.29741315470497387
skip:63,W,0.05,0,0.1834838873031015,-0.5645044138190636,2.26064927184466,2.2163228155339803,0.017153279115451614,0.1543812567816456,0.23088385357994645,0.5283384347925006
skip:63,M,0.0,1,0.11564672796406517,-0.4571169680666112,7.180885922330097,7.136559466019417,-0.006315587822891766,0.10380724220509197,0.14395237582353992,0.3458443582698072
skip:63,M,0.0,0,0.1741045398969352,-0.5559394009417351,3.7677487864077666,3.7234223300970872,0.01173254834120252,0.15949532634284314,0.21368557294589174,0.48833079709996174
skip:63,M,0.02,1,0.13407348291604615,-0.45711696806661095,6.383009708737863,6.338683252427184,0.007148809324033278,0.11558242010691222,0.1579319069073566,0.40761926403733173
skip:63,M,0.02,0,0.19468539490590264,-0.5340401060644226,2.8812196601941746,2.836893203883495,0.02176082707004312,0.18437791204700127,0.22360893412342908,0.556645899196871
skip:63,M,0.05,1,0.13200635261494154,-0.4890278370019152,6.117050970873786,6.072724514563107,-0.015768898742803072,0.14139749559164416,0.14521612088298763,0.4153898780440586
skip:63,M,0.05,0,0.18153864756515414,-0.5340401060644229,1.462773058252427,1.4184466019417474,0.04201601020676993,0.1596765740983641,0.19577413725251303,0.5251415525178371
skip:126,D,0.0,1,0.09290928563605516,-0.433216288763152,17.464623786407767,17.420297330097085,-0.026943294443548704,0.020574406444495708,0.14372010450270256,0.4315348998862323
skip:126,D,0.0,0,0.14739765244765057,-0.5715431351211506,12.101122572815534,12.056796116504854,-0.007497429489014995,0.09555421959905486,0.18154831703712238,0.5702648699226096
skip:126,D,0.02,1,0.10848826585056504,-0.4343809476401135,10.19508495145631,10.150758495145631,-0.027096257045239214,0.05443599118136899,0.1570409050847681,0.4409288935472411
skip:126,D,0.02,0,0.1681215229018238,-0.5537963485662991,2.8812196601941746,2.836893203883495,-0.0004744461714972781,0.1373896960947798,0.19858875399119125,0.5757140646858796
skip:126,D,0.05,1,0.11120861252567416,-0.4407859444426848,9.751820388349515,9.707493932038835,-0.023713715101582933,0.05063237402519438,0.17330186577949624,0.4226506415893061
skip:126,D,0.05,0,0.1667169924371743,-0.5463413392641735,1.8173847087378638,1.7730582524271843,0.017832198498313856,0.09579390184529957,0.22558989984254296,0.5557260563830646
skip:126,W,0.0,1,0.10469451222614024,-0.5423001930536511,8.865291262135921,8.820964805825241,-0.07525037144316171,0.0709952930325759,0.164629562707032,0.4740797245150472
skip:126,W,0.0,0,0.1593576623306181,-0.5772914099026312,5.097542475728155,5.053216019417476,-0.013676932369494854,0.1250146222422066,0.2005903438739105,0.5598303901414294
skip:126,W,0.02,1,0.1108405338697489,-0.5313725301864597,6.604641990291261,6.560315533980582,-0.06840097231935616,0.06593956067024176,0.18134425101510576,0.48108218308208994
skip:126,W,0.02,0,0.17402866147340523,-0.5477479488033774,2.171996359223301,2.127669902912621,0.008548814711397679,0.1339590134675559,0.21557277065463776,0.5669267065607242
skip:126,W,0.05,1,0.10749733838447773,-0.5099185881144938,6.294356796116505,6.250030339805825,-0.0467198159690303,0.03928618532215311,0.18155540368188228,0.46552347800875915
skip:126,W,0.05,0,0.17360765202135098,-0.5340401060644222,1.5514259708737863,1.5070995145631068,0.042000270992310185,0.09831467093127388,0.22420420520967865,0.5504662084348393
skip:126,M,0.0,1,0.1376525017578365,-0.44465369095089746,4.875910194174757,4.831583737864078,-0.011687569703796585,0.07639998650506197,0.1829193437555452,0.5406120937674317
skip:126,M,0.0,0,0.18646851013301147,-0.534040106064423,2.526608009708738,2.482281553398058,0.012685282911538032,0.14873755288508073,0.23491389446097566,0.575478345291125
skip:126,M,0.02,1,0.12866041046690224,-0.44465369095089835,4.122360436893204,4.078033980582524,0.009804739225035108,0.05095227725690976,0.17624204894580342,0.4879340060317685
skip:126,M,0.02,0,0.17374759805173445,-0.5340401060644222,1.6400788834951454,1.5957524271844659,0.03967767516325149,0.1215796751307634,0.21188467252064114,0.5216080772109024
skip:126,M,0.05,1,0.12634121498183948,-0.4446536909508978,3.8120752427184463,3.7677487864077666,0.010623917307947872,0.038999904000348584,0.18306024061514958,0.48140616887188536
skip:126,M,0.05,0,0.15981792574393006,-0.5340401060644218,1.1968143203883495,1.15248786407767,0.028627453190347874,0.1040991925257404,0.19696545175216995,0.5149325057749843
skip:252,D,0.0,1,0.1115420024680065,-0.394915692928722,12.766019417475727,12.721692961165047,-0.031252002457688444,0.10500173510385835,0.13116002521153214,0.4083067519914958
skip:252,D,0.0,0,0.1272709507665759,-0.5340401060644226,9.08692354368932,9.04259708737864,-0.01657655071335662,0.11754024582794176,0.15214278450428376,0.419972882906797
skip:252,D,0.02,1,0.12204192488535082,-0.3733707126451553,7.757129854368931,7.712803398058252,-0.02707571954900989,0.11971172267893326,0.1456187660845787,0.4126157585729062
skip:252,D,0.02,0,0.14161066134472056,-0.5340401060644228,2.615260922330097,2.570934466019417,-0.00160348681471989,0.1324171483779899,0.1685381138975337,0.42431758443522205
skip:252,D,0.05,1,0.14844833205143404,-0.37337071264515576,6.560315533980582,6.515989077669903,-0.024452775022812956,0.14333395535961624,0.1856728743309528,0.4742477524541875
skip:252,D,0.05,0,0.16382262555344984,-0.5340401060644222,1.1968143203883495,1.15248786407767,-0.004872165771797943,0.15630742373080997,0.19988911368647444,0.4864601254030454
skip:252,W,0.0,1,0.13045547846499672,-0.3801118755507824,6.383009708737863,6.338683252427184,-0.04414630880236392,0.11854109606153074,0.18092114196265285,0.4442512216229928
skip:252,W,0.0,0,0.14424330345438552,-0.5340401060644222,3.945054611650485,3.9007281553398054,-0.006129914881805365,0.12556343063565367,0.18594749629718343,0.43184840308975403
skip:252,W,0.02,1,0.12955101615113218,-0.3916243087811946,4.787257281553398,4.742930825242718,-0.04847386818282262,0.13686079967910092,0.16047970004415246,0.45455347532002954
skip:252,W,0.02,0,0.145954268740226,-0.534040106064422,1.9946905339805825,1.9503640776699027,-0.009815956666041403,0.14399814754022322,0.17326748334521103,0.4420621839635219
skip:252,W,0.05,1,0.14424444006997872,-0.39381060987441496,4.033707524271844,3.989381067961165,-0.049060834465595615,0.14686951552021776,0.17937636122634593,0.5155037762533128
skip:252,W,0.05,0,0.16181576931537478,-0.5340401060644224,1.019508495145631,0.9751820388349514,-0.013027063899511027,0.15406969929460335,0.198162033649534,0.502489061055643
skip:252,M,0.0,1,0.13552458373812892,-0.41406251967068775,2.836893203883495,2.7925667475728155,-0.05458301679880484,0.1471369859232543,0.16905763398757467,0.476286848735612
skip:252,M,0.0,0,0.1558353329119322,-0.5340401060644224,1.7287317961165047,1.6844053398058252,-0.017455512825579222,0.1474575325601546,0.19837671116086497,0.476286848735612
skip:252,M,0.02,1,0.1239267710587666,-0.4268407346691909,2.482281553398058,2.4379550970873787,-0.05458301679880484,0.14397443876329508,0.15270275142369583,0.4210440600329566
skip:252,M,0.02,0,0.14672786481574307,-0.5340401060644224,1.2854672330097086,1.241140776699029,-0.012252117607388757,0.1442941016837178,0.18538653980543085,0.4210440600329566
skip:252,M,0.05,1,0.1281775330985644,-0.42684073466919137,2.127669902912621,2.083343446601942,-0.05458301679880484,0.12865762247671664,0.15859846820175738,0.48898308302014426
skip:252,M,0.05,0,0.15328064609185166,-0.5340401060644224,0.8422026699029126,0.7978762135922329,-0.009119901441907552,0.12897300539047074,0.19569874140634158,0.48898308302014426
sharpe:63,D,0.0,1,0.1025290770555718,-0.44037009272833216,17.597603155339804,17.553276699029126,0.029106503542600803,0.059413983963983785,0.12298162072103325,0.31574502653077907
sharpe:63,D,0.0,0,0.15162674885496497,-0.6157277550430519,13.342263349514562,13.297936893203882,-0.00879499768324643,0.14973833246001456,0.19529253367682275,0.41451937053162724
sharpe:63,D,0.02,1,0.10912994697188005,-0.4403700927283315,15.469933252427184,15.425606796116504,0.04072056428669146,0.05820698851708839,0.13040355324471609,0.32930154013644874
sharpe:63,D,0.02,0,0.16304677730771178,-0.5820676614192865,9.973452669902912,9.929126213592232,0.0028442529958656593,0.16032787097774492,0.20594130923763188,0.42909358567622746
sharpe:63,D,0.05,1,0.1133900265644332,-0.4403700927283317,14.273118932038834,14.228792475728154,0.03735268520825441,0.06479996173416924,0.13634653434728294,0.3412810064418228
sharpe:63,D,0.05,0,0.165153594417631,-0.5731613109779526,8.200394417475728,8.156067961165048,0.0022953489703907426,0.16489078499846532,0.20967876870190927,0.42717461079010444
sharpe:63,W,0.0,1,0.12819381935740815,-0.41044769471358,9.973452669902912,9.929126213592232,0.03962291462580869,0.07828761232677017,0.1476603629669606,0.40163623699851336
sharpe:63,W,0.0,0,0.16425943390036624,-0.5971521289784113,6.338683252427184,6.294356796116505,-0.0004271309583353533,0.16722241578893504,0.19930091208714007,0.4481556034516012
sharpe:63,W,0.02,1,0.12698435887164572,-0.41044769471358034,9.574514563106796,9.530188106796116,0.032734707184065126,0.08095178296551575,0.15367279984272386,0.383731484012215
sharpe:63,W,0.02,0,0.16502933591315516,-0.5785991762186975,5.62945995145631,5.585133495145631,-0.0013901269626614976,0.17010632139397064,0.20660932529251408,0.4296566037246452
sharpe:63,W,0.05,1,0.12990881414333022,-0.41044769471358056,9.264229368932039,9.21990291262136,0.03709910600586497,0.08239573936797662,0.15861340238125132,0.38141696919701085
sharpe:63,W,0.05,0,0.16923155002249102,-0.5551511302790633,4.831583737864078,4.787257281553398,0.018672469692471827,0.17438893038227432,0.19473191377282095,0.43434467293642487
sharpe:63,M,0.0,1,0.14346391724534757,-0.41536135584776246,5.097542475728155,5.053216019417476,0.039260609455461726,0.0883255661606337,0.16448470402568716,0.4691476402722208
sharpe:63,M,0.0,0,0.16859148183446293,-0.5550917431339273,3.058525485436893,3.0141990291262135,0.005465874176538765,0.16381762127101784,0.18783430320645045,0.5154881889519516
sharpe:63,M,0.02,1,0.14876001625454816,-0.41536135584776035,4.920236650485436,4.875910194174757,0.039260609455461726,0.10532287702863008,0.16448470402568716,0.4691476402722208
sharpe:63,M,0.02,0,0.17558504802237018,-0.5550917431339273,2.7925667475728155,2.7482402912621358,0.005465874176538765,0.18199395610819424,0.18783430320645045,0.5309002882604288
sharpe:63,M,0.05,1,0.1457842803060323,-0.41536135584776035,4.875910194174757,4.831583737864078,0.039260609455461726,0.10532287702863008,0.16448470402568716,0.44077611436636244
sharpe:63,M,0.05,0,0.16981369910219812,-0.5550917431339273,2.7925667475728155,2.7482402912621358,0.005465874176538765,0.1729075113970282,0.18783430320645045,0.5010359638581932
sharpe:126,D,0.0,1,0.1153073499887951,-0.4640774921031694,15.115321601941746,15.070995145631066,-0.0027239044293907444,0.09014601599876637,0.10517543012831676,0.4852440034841303
sharpe:126,D,0.0,0,0.14717057552361745,-0.5964404819113311,10.727002427184464,10.682675970873786,-0.030272917457891735,0.16381625208224349,0.1554804701711101,0.5089581188076535
sharpe:126,D,0.02,1,0.11681794682725122,-0.4640774921031685,13.696874999999999,13.652548543689319,-0.0035694591794139807,0.0901537308795759,0.10394418010729867,0.5067997641706055
sharpe:126,D,0.02,0,0.14662028361531876,-0.6112624808206358,8.333373786407767,8.289047330097087,-0.039902830322325,0.16472914514009895,0.15529757147718448,0.5308580490673458
sharpe:126,D,0.05,1,0.1190019535441671,-0.4655583480767237,11.480552184466019,11.436225728155339,-0.0029488462309834595,0.10030808577223693,0.10280556296613041,0.49943344075600793
sharpe:126,D,0.05,0,0.14936864327141386,-0.5992468533804907,5.407827669902912,5.363501213592232,-0.030400715814855594,0.17163343424875666,0.15060172846998077,0.5233741114139072
sharpe:126,W,0.0,1,0.13543722617670007,-0.3846236782069026,7.624150485436893,7.579824029126213,0.02119978522677335,0.09025124252705519,0.13438696935512118,0.5264033984633467
sharpe:126,W,0.0,0,0.16157436880050713,-0.5819574790571007,4.60995145631068,4.565625,0.0015056074624328897,0.17410444377625778,0.14815740583045311,0.5490341592167756
sharpe:126,W,0.02,1,0.1317304677992568,-0.3846236782069029,7.358191747572815,7.313865291262135,0.012924573375042714,0.09224197013660462,0.13012860999948495,0.5201839092635676
sharpe:126,W,0.02,0,0.16245634727303226,-0.5676184317202297,3.989381067961165,3.945054611650485,0.006207693518017754,0.17463184470187,0.14799751101666758,0.5427224586315735
sharpe:126,W,0.05,1,0.13323454265305035,-0.38462367820690313,6.870600728155339,6.826274271844659,0.020025485712088953,0.09798044633951841,0.12623090137666892,0.5091454331139071
sharpe:126,W,0.05,0,0.16328416963066017,-0.5844818398635189,3.3688106796116504,3.3244842233009706,0.006375999973653679,0.17980193936716038,0.14921361197653682,0.5315203238363173
sharpe:126,M,0.0,1,0.14764304591117483,-0.3879694590566207,4.078033980582524,4.033707524271844,-0.008250370087231285,0.09776867636971076,0.21012527104607592,0.48300072051514475
sharpe:126,M,0.0,0,0.17578239101727178,-0.5539627967114393,2.2163228155339803,2.171996359223301,0.01958165376225751,0.1640576234223432,0.20044384598837728,0.5063113879279622
sharpe:126,M,0.02,1,0.1457799062455556,-0.3879694590566207,3.989381067961165,3.945054611650485,-0.008250370087231285,0.10587726427170052,0.1953173796602461,0.48300072051514475
sharpe:126,M,0.02,0,0.17227362410939073,-0.5539627967114393,2.127669902912621,2.083343446601942,0.01958165376225751,0.1726558497751991,0.18055223056422265,0.5063113879279622
sharpe:126,M,0.05,1,0.14913374172735128,-0.3879694590566196,3.6790958737864075,3.6347694174757277,0.0027060680118329294,0.10589305828549356,0.1926271636087007,0.49167901162629946
sharpe:126,M,0.05,0,0.17113486917892118,-0.5820802747933813,1.7730582524271843,1.7287317961165047,0.015332997755425737,0.1727772885313843,0.17789524538656787,0.5151260894636058
sharpe:252,D,0.0,1,0.11884562777202712,-0.3425798078869081,11.037287621359223,10.992961165048543,-0.03309636775379177,0.13230763557802105,0.12378037662330033,0.4269352812278189
sharpe:252,D,0.0,0,0.14471562047851783,-0.5340401060644209,7.579824029126213,7.535497572815533,-0.012424179294659776,0.14331516031575076,0.16008083430481035,0.4776107252564712
sharpe:252,D,0.02,1,0.12470836585051703,-0.33252722204048113,9.530188106796116,9.485861650485436,-0.02717507011096143,0.1302040355277454,0.14032999759655085,0.42336741021979774
sharpe:252,D,0.02,0,0.15065221826301722,-0.5340401060644228,5.7181128640776695,5.67378640776699,0.004739137161075213,0.1411911104964676,0.16609585828125573,0.4739161467166184
sharpe:252,D,0.05,1,0.12203462194935266,-0.33518454438189904,7.89010922330097,7.845782766990291,-0.020938038214187715,0.12830784906146464,0.12800355407273245,0.42164689865379024
sharpe:252,D,0.05,0,0.1546834152689831,-0.534040106064422,3.7677487864077666,3.7234223300970872,0.018848875642488272,0.14236919186060537,0.16513373340295723,0.472134533789734
sharpe:252,W,0.0,1,0.13399624192630055,-0.3354941548726297,6.072724514563107,6.028398058252427,-0.025658262495399375,0.12621288675320108,0.15566424304745752,0.4749238096796
sharpe:252,W,0.0,0,0.1551974209045528,-0.5340401060644218,4.033707524271844,3.989381067961165,-0.018583170937539917,0.14977550103081083,0.18936489086853503,0.4923445346971813
sharpe:252,W,0.02,1,0.1418545088847194,-0.335494154872629,4.920236650485436,4.875910194174757,-0.012623888814584094,0.12339056710663754,0.16985336432809328,0.4797210756788355
sharpe:252,W,0.02,0,0.16985465279815481,-0.5340401060644232,2.615260922330097,2.570934466019417,0.016718954992834822,0.14689413284202057,0.20396778507850155,0.4971984625058332
sharpe:252,W,0.05,1,0.14281510397544217,-0.335494154872629,4.565625,4.52129854368932,-0.008180649037646592,0.1281276001470686,0.16392864262092743,0.4797210756788355
sharpe:252,W,0.05,0,0.16983893874924672,-0.5340401060644224,2.171996359223301,2.127669902912621,0.02536915743918855,0.15089457270176365,0.19144739746938977,0.4971984625058332
sharpe:252,M,0.0,1,0.14336807018211695,-0.41078027343957213,2.4379550970873787,2.393628640776699,-0.018538057550834375,0.15329583944143454,0.143590018236194,0.50385474918815
sharpe:252,M,0.0,0,0.1607835876838255,-0.5340401060644215,1.7287317961165047,1.6844053398058252,-0.011507078133779935,0.15490522383887018,0.19197835101994754,0.50385474918815
sharpe:252,M,0.02,1,0.14590917549596982,-0.41078027343957146,1.9946905339805825,1.9503640776699027,-0.00959202793758629,0.14498198080835212,0.15305442088639665,0.4971984625058332
sharpe:252,M,0.02,0,0.1633633985249896,-0.5340401060644222,1.2854672330097086,1.241140776699029,-0.002496961114434537,0.14657976350403112,0.20184321769811042,0.4971984625058332
sharpe:252,M,0.05,1,0.14131634957790973,-0.4107802734395718,1.9060376213592232,1.8617111650485436,-0.01953912234792954,0.149005398507023,0.1439776219969937,0.4971984625058332
sharpe:252,M,0.05,0,0.15870061574680405,-0.5340401060644222,1.1968143203883495,1.15248786407767,-0.012515314340869832,0.15060879574274222,0.19238235532593118,0.4971984625058332
ratio:20,D,0.0,1,0.04141315283221991,-0.5192526022966819,46.055188106796116,46.01086165048543,-0.05075598256903047,0.006893885253940413,0.04121980867253949,0.34025278514105484
ratio:20,D,0.0,0,0.08475255804080106,-0.6991033105308959,31.5161104368932,31.471783980582522,-0.10540130541931492,0.06610817102966227,0.1410635475559947,0.45331524817616886
ratio:20,D,0.02,1,0.03558167351205399,-0.4187007065006856,33.86541262135922,33.82108616504854,-0.010423542313821588,-0.010528541194282037,0.006952718776840339,0.33158916409939954
ratio:20,D,0.02,0,0.12412475707966286,-0.6118978425195678,7.535497572815533,7.491171116504854,-0.03011437520349869,0.08167205336160288,0.1608992994149634,0.5091840073762623
ratio:20,D,0.05,1,0.03184657857548823,-0.4280282426058436,32.934557038834946,32.89023058252427,0.005672025779337009,-0.005518663264024504,-0.014342952467383485,0.3052115948031826
ratio:20,D,0.05,0,0.1613168615189795,-0.6106864930553542,1.0638349514563106,1.0638349514563106,-0.00814554961458025,0.14359118494106315,0.1743247152957783,0.5866320362942721
ratio:20,W,0.0,1,0.07515327315377651,-0.5207601748264932,25.354733009708735,25.310406553398057,-0.04897023784644905,0.011699309394541446,0.12423001365781583,0.4033011577815069
ratio:20,W,0.0,0,0.11982040622547485,-0.6622776338147365,14.67205703883495,14.62773058252427,-0.06876369675019411,0.11230375579326624,0.1803345462771484,0.4340036298990597
ratio:20,W,0.02,1,0.06757656418880176,-0.4747636230878536,21.32102548543689,21.276699029126213,-0.0325141814275397,0.008467975822044949,0.07735327361070143,0.4316117450111483
ratio:20,W,0.02,0,0.13807705550008786,-0.6273158377429795,4.964563106796116,4.920236650485436,-0.011943497542268533,0.10938753882828256,0.16800642228181184,0.48775365585498265
ratio:20,W,0.05,1,0.08344600717185569,-0.46638987266296317,20.877760922330097,20.833434466019416,-0.003189182905601995,0.04077316222681193,0.08679918668966802,0.37799951868028314
ratio:20,W,0.05,0,0.1542350403044812,-0.6689803642242405,0.6205703883495145,0.576243932038835,-0.039238561663594185,0.13286533147621316,0.1716162638934151,0.6553285838156693
ratio:20,M,0.0,1,0.10865000181377793,-0.5010667759650018,11.037287621359223,10.992961165048543,0.007996982563964083,0.08651023875706332,0.11027600300387874,0.3866235635029165
ratio:20,M,0.0,0,0.1429782409504956,-0.6272692194920675,5.9397451456310675,5.895418689320388,-0.0221415145219358,0.1394923640615635,0.1529726708245911,0.5225990234503164
ratio:20,M,0.02,1,0.11795615724768904,-0.5010667759650027,9.618841019417475,9.574514563106796,0.009922153517258891,0.10354532593142762,0.12466770836759933,0.3786386811669473
ratio:20,M,0.02,0,0.17807740583165121,-0.6106208323621796,1.9060376213592232,1.8617111650485436,0.007883585805591009,0.15852381266416016,0.20159091032477416,0.577057361793242
ratio:20,M,0.05,1,0.11822631443401277,-0.4665646304030395,9.618841019417475,9.574514563106796,0.01259658815817688,0.11621074885394544,0.1365197887181806,0.3065587804643908
ratio:20,M,0.05,0,0.14463523878404128,-0.6408443223850306,0.35461165048543686,0.31028519417475725,0.005182382749214565,0.13764382992744695,0.22419083322893263,0.27265358739862977
ratio:50,D,0.0,1,0.07544731351179612,-0.3701697589021993,28.812196601941746,28.767870145631065,-0.0037414099321956273,0.007496603365070964,0.09677471578408592,0.3737425735808284
ratio:50,D,0.0,0,0.10619623881210982,-0.6495583604336199,20.25719053398058,20.212864077669902,-0.0860569309150494,0.09330366420266412,0.1710698970413742,0.43603746889708184
ratio:50,D,0.02,1,0.09534918852686536,-0.2879204173461283,18.927396844660194,18.927396844660194,0.03829307555532235,-0.0013029867328616662,0.12433236630826561,0.40051157577704033
ratio:50,D,0.02,0,0.12853187392604992,-0.659454148852451,4.742930825242718,4.742930825242718,-0.04319488528547266,0.0988353635485617,0.20090633045995165,0.42344489914616057
ratio:50,D,0.05,1,0.0852107047552666,-0.2862728924237664,18.883070388349513,18.838743932038835,0.05613778198252839,7.338513731247609e-05,0.09510370612092056,0.33928208089418566
ratio:50,D,0.05,0,0.15291212915062613,-0.5359514867937718,1.6844053398058252,1.6400788834951454,0.00911221623659264,0.09705255385135048,0.16854944229048918,0.6130074443847273
ratio:50,W,0.0,1,0.09891323443172717,-0.38434364312131364,16.533768203883493,16.489441747572815,0.0029640265575550107,0.012094298368746426,0.1416339486818068,0.4377562104956001
ratio:50,W,0.0,0,0.13552477055802514,-0.5625583889610506,9.352882281553397,9.308555825242717,-0.040255132623239764,0.10745902844416744,0.17592896867307495,0.5296663908797135
ratio:50,W,0.02,1,0.10384049559735375,-0.4521432629485269,12.943325242718446,12.898998786407766,0.03693411192162688,-0.0068014703870487025,0.15948538138267,0.40216849551550005
ratio:50,W,0.02,0,0.14083068962658918,-0.6184985484601606,3.856401699029126,3.8120752427184463,-0.03191896155759455,0.08201296718356099,0.2097588586790302,0.536102503026985
ratio:50,W,0.05,1,0.10709987875630733,-0.3923402882856192,12.810345873786407,12.766019417475727,0.0435355246357465,0.006707721349940465,0.16891852990772915,0.34797053913578546
ratio:50,W,0.05,0,0.15934564928793926,-0.5340401060644226,1.3297936893203883,1.2854672330097086,0.024227643703489843,0.11664313111694624,0.15920802714757754,0.6001024623210807
ratio:50,M,0.0,1,0.13089206219632255,-0.4575833271079729,8.377700242718445,8.333373786407767,0.06358719993550399,0.07539095272321839,0.1298137910983157,0.4245703410006003
ratio:50,M,0.0,0,0.1604160019651255,-0.5873769799721729,4.4326456310679605,4.388319174757282,0.0014865561551389295,0.15006523703473618,0.16885931359121642,0.5447599429582257
ratio:50,M,0.02,1,0.14279777638941837,-0.45758332710797256,6.560315533980582,6.560315533980582,0.09334437598358214,0.08130266146434106,0.1538889452954597,0.37434001964301844
ratio:50,M,0.02,0,0.15846431725732146,-0.5580510473019833,2.26064927184466,2.2163228155339803,-0.01218712049799342,0.1386554070185415,0.1960995111530066,0.5189973179107108
ratio:50,M,0.05,1,0.14594037323700837,-0.457583327107973,6.383009708737863,6.383009708737863,0.07634114880773613,0.11043336560726513,0.153934945339109,0.36195973284774263
ratio:50,M,0.05,0,0.1630663174121021,-0.5340401060644221,0.7092233009708737,0.6648968446601942,0.01387386952881453,0.11257887446613202,0.2226808025679139,0.4879816705785236
ratio:100,D,0.0,1,0.09327494354575827,-0.36290337035124975,19.813925970873786,19.813925970873786,-0.0026905135532081514,0.025778654780007404,0.11264913281962685,0.44090223004037954
ratio:100,D,0.0,0,0.12246834493395586,-0.648287523709275,14.53907766990291,14.53907766990291,-0.06314795192738831,0.0952175969846667,0.1542810837274191,0.5734864069876635
ratio:100,D,0.02,1,0.10603813686296393,-0.2928776698670069,12.189775485436892,12.145449029126214,0.03924171361677842,0.02674151850119455,0.11680446392775479,0.4357047619705656
ratio:100,D,0.02,0,0.1582822829778674,-0.5617587037302,3.0141990291262135,2.9698725728155337,0.0126423732693286,0.10847874825467252,0.17644386198613904,0.5949397762969948
ratio:100,D,0.05,1,0.11457788396609425,-0.29008719334260313,11.790837378640775,11.746510922330096,0.06182710081688314,0.03564465376095849,0.12580686260807017,0.40457946311159376
ratio:100,D,0.05,0,0.1701286994261022,-0.5359514867937724,1.3297936893203883,1.2854672330097086,0.028388789965916095,0.13534932683615475,0.1873053530891502,0.5501446192495809
ratio:100,W,0.0,1,0.10569847900036233,-0.36519679814033457,10.948634708737863,10.904308252427183,0.007237199485790491,0.031125427559046903,0.1374908275023876,0.4457514342862783
ratio:100,W,0.0,0,0.1554797254708955,-0.5554028412949417,6.117050970873786,6.072724514563107,-0.01600540599691125,0.13237026813174024,0.1765118260732983,0.5785111326911505
ratio:100,W,0.02,1,0.1067018184377444,-0.36519679814033357,8.377700242718445,8.333373786407767,0.031941997852783954,0.012284370943283385,0.13564074372227686,0.4527700130648191
ratio:100,W,0.02,0,0.1602819730079943,-0.5752022529700989,2.570934466019417,2.526608009708738,-0.002638913341139859,0.1273972584700216,0.1815530893915902,0.586174209811366
ratio:100,W,0.05,1,0.12179189383815814,-0.3651967981403347,8.023088592233009,7.97876213592233,0.02950782233675797,0.04781510676160994,0.15653732458896585,0.43356343249892193
ratio:100,W,0.05,0,0.16839534983856308,-0.5340401060644234,1.15248786407767,1.1081614077669901,0.024522017601745993,0.16381276192751693,0.16479755839738774,0.5275311755807266
ratio:100,M,0.0,1,0.13621091230177518,-0.4337259056599908,5.4964805825242715,5.452154126213592,0.06780589313470542,0.0624713007960882,0.13159409135244293,0.4998367368461216
ratio:100,M,0.0,0,0.1606958486659702,-0.5539627967114398,2.925546116504854,2.8812196601941746,0.014224498223933457,0.15179879459369094,0.1619835290222682,0.5264910037160859
ratio:100,M,0.02,1,0.14298422927796817,-0.43372590565998936,4.787257281553398,4.742930825242718,0.06429644328650674,0.06955331918904695,0.14929276677437553,0.4998367368461216
ratio:100,M,0.02,0,0.16626134973371953,-0.5340401060644228,1.6844053398058252,1.6400788834951454,0.00020170269294328413,0.15411202138866664,0.19151842116246565,0.5264910037160859
ratio:100,M,0.05,1,0.1421464999258355,-0.43372590565998936,4.6542779126213585,4.60995145631068,0.046126192660036924,0.09015323086375893,0.16425834406816886,0.4331928490938757
ratio:100,M,0.05,0,0.14621782634627722,-0.5763523649802145,0.9751820388349514,0.9308555825242718,-0.02922376541209848,0.1379101275073662,0.1936615115540261,0.4589545891575433
ratio:200,D,0.0,1,0.10951778011890956,-0.3536300649879748,13.696874999999999,13.652548543689319,0.04437805284839036,-0.0045043117598757565,0.12450812449652626,0.5368768736110718
ratio:200,D,0.0,0,0.1463934874672399,-0.5386726389586877,8.377700242718445,8.333373786407767,0.011409493757994937,0.08911884304786089,0.1670224880512663,0.5681371522092982
ratio:200,D,0.02,1,0.11742022063923407,-0.3604385087451605,8.377700242718445,8.333373786407767,0.039873837926818645,0.01186007645485021,0.14175568795025284,0.5211464559673706
ratio:200,D,0.02,0,0.15324070964954317,-0.5340401060644229,2.26064927184466,2.2163228155339803,0.008112383958983393,0.11554215618702912,0.17086665026000647,0.5520867757930696
ratio:200,D,0.05,1,0.1338007038792033,-0.35363006498797345,7.491171116504854,7.4468446601941745,0.037668798055453534,0.0462405648238835,0.17806082246693888,0.4706685940056401
ratio:200,D,0.05,0,0.16432838063890598,-0.5340401060644222,1.019508495145631,0.9751820388349514,0.006105727377708758,0.15061801190402946,0.18246072304045358,0.5275273806596843
ratio:200,W,0.0,1,0.12354061208289102,-0.36241853513458544,6.959253640776699,6.914927184466019,0.04362280457994028,0.04524072385623201,0.12795817506334806,0.5055023428246137
ratio:200,W,0.0,0,0.15777924550141242,-0.5340401060644226,3.856401699029126,3.8120752427184463,0.010439249505741932,0.11675351087933139,0.1768057665946543,0.568962915855973
ratio:200,W,0.02,1,0.13476226668494729,-0.3212768576889511,5.141868932038834,5.097542475728155,0.044813217888147516,0.05886525265308351,0.149033582122861,0.5059486088089469
ratio:200,W,0.02,0,0.1632436692940773,-0.5340401060644223,1.7287317961165047,1.6844053398058252,0.032686272876920386,0.12705738802210287,0.1628462484900921,0.5694279930332766
ratio:200,W,0.05,1,0.139172135540526,-0.32127685768895164,4.831583737864078,4.787257281553398,0.04976189078756921,0.07010857529175607,0.16560366757363187,0.45180633402263837
ratio:200,W,0.05,0,0.16182524833026246,-0.5340401060644226,0.9308555825242718,0.8865291262135921,0.01820234542728616,0.13197365722474697,0.1854587879896521,0.5140849547041164
ratio:200,M,0.0,1,0.12865392765999406,-0.372755837536101,3.7234223300970872,3.6790958737864075,0.018574933860540987,0.0611357275589941,0.14472096239666699,0.5263557642510008
ratio:200,M,0.0,0,0.15863551517666719,-0.5340401060644211,2.171996359223301,2.127669902912621,-0.003412970269640936,0.13338355155982518,0.17642691896400087,0.5699543088933279
ratio:200,M,0.02,1,0.1375159015265488,-0.3727558375361003,3.1028519417475726,3.058525485436893,0.029617858458982127,0.06511246752196853,0.16048598733368458,0.5226219388232156
ratio:200,M,0.02,0,0.16762859437639843,-0.5340401060644222,1.2854672330097086,1.241140776699029,0.01199758917342364,0.1340366524162715,0.19137785495030712,0.5661138311644118
ratio:200,M,0.05,1,0.13308852174801977,-0.3920575949861751,2.7482402912621358,2.703913834951456,0.059148086322515114,0.056202680671241456,0.16401283241635478,0.4158792521993655
ratio:200,M,0.05,0,0.14461466891237196,-0.5340401060644226,0.9308555825242718,0.8865291262135921,0.01498468762497196,0.11024534319113699,0.17347108205775763,0.456322166119534
combo,D,0.0,1,0.10850440103987458,-0.4070364049008066,17.331644417475726,17.287317961165048,0.04618691391836327,0.02505962090991476,0.12345428477926368,0.42774715352676895
combo,D,0.0,0,0.12343015042204453,-0.5373801386554188,13.164957524271843,13.120631067961163,-0.024464027401385535,0.08054123158845106,0.1810594999080788,0.43020894995447123
combo,D,0.02,1,0.1404511584005419,-0.41406231535795757,8.643658980582524,8.599332524271844,0.060762157131589944,0.0670974559889852,0.1283514066442586,0.5566906916020242
combo,D,0.02,0,0.15675759280578005,-0.5359514867937738,2.9698725728155337,2.925546116504854,-0.005991310538428385,0.1272637513380055,0.18204987914357962,0.5593748192321542
combo,D,0.05,1,0.1320821502117353,-0.4169162235399182,7.712803398058252,7.668476941747572,0.057331265719046565,0.07183108067281774,0.10313864251906857,0.5476650373585712
combo,D,0.05,0,0.14162714621859984,-0.5340401060644226,1.462773058252427,1.4184466019417474,0.001475665135713955,0.11925189564039673,0.1343846389025849,0.5576951576226852
combo,W,0.0,1,0.13258205490374175,-0.38463017931985544,8.510679611650485,8.466353155339805,0.04392756714729673,0.06089539953056522,0.13507161786124122,0.5232259223110969
combo,W,0.0,0,0.15672833368535355,-0.5340401060644224,5.2748483009708735,5.230521844660194,-0.010438200011549381,0.134262690990558,0.18488809696809372,0.5424067798935563
combo,W,0.02,1,0.1323624440683524,-0.3846301793198551,5.762439320388349,5.7181128640776695,0.05931338655801777,0.04647181257107613,0.1288879142770747,0.544707381753077
combo,W,0.02,0,0.15249968652392698,-0.534040106064422,2.26064927184466,2.2163228155339803,-0.010057019091906705,0.13035480886969397,0.16770445741926854,0.5641587394683039
combo,W,0.05,1,0.12527918451260645,-0.39948981068425593,5.230521844660194,5.186195388349514,0.04479968751153485,0.04806108554407906,0.12651226728267595,0.515874566876072
combo,W,0.05,0,0.1483864022828114,-0.5340401060644216,1.1968143203883495,1.15248786407767,-0.00436428700542324,0.12176123729735577,0.16762308462286435,0.532023344085004
combo,M,0.0,1,0.16264101942696918,-0.3798831179595018,3.6347694174757277,3.5904429611650484,0.07511765835835749,0.10145653664034349,0.15242354822660387,0.5550552785507255
combo,M,0.0,0,0.16607382526385495,-0.534040106064422,2.349302184466019,2.30497572815534,0.01239180830286779,0.15456936180667769,0.16909961663682505,0.5550071419233469
combo,M,0.02,1,0.1755939769231134,-0.3798831179595016,2.703913834951456,2.6595873786407767,0.08877019817336818,0.12028764036832373,0.1638727504916011,0.5514897761349438
combo,M,0.02,0,0.16914925495823785,-0.534040106064422,1.3741201456310679,1.3297936893203883,0.014494131037463776,0.1648991863687097,0.1681459638682148,0.5514417498774433
combo,M,0.05,1,0.15256791896216293,-0.3886707766442923,2.615260922330097,2.570934466019417,0.07727062973550614,0.08503328249609332,0.1480659753322109,0.5141445517665477
combo,M,0.05,0,0.14223085568302163,-0.5340401060644224,0.9308555825242718,0.8865291262135921,-0.009230164132276841,0.11305645598617553,0.16686733136310217,0.5140976815278573
